基礎欄位,,,,,,,,,,,,,,,多輪下的基礎指標,,,,,平均值  (上映與否皆可看),,,,即時指標,,,上映中電影專屬(上映中才有意義),,,,,,回顧指標   (該輪結束再看才準),,,,,巔峰值,,,電影資訊,,,,,,,,,,
gov_id,title_zh,release_round,is_re_release,official_release_date_x,release_initial_date,release_start,release_end,release_days,total_weeks,active_weeks,total_amount,total_tickets,avg_ticket_price,status,previous_round_count,previous_total_amount,re_release_gap_days,previous_avg_amount,,avg_amount_per_week,avg_tickets_per_week,avg_theater_count,decline_rate_mean,second_week_amount_growth_rate,momentum_3w,decline_rate_last,momentum_status,promotion_level,same_class_amount_last_week,market_heat_level,momentum_score,promotion_urgency_score,long_tail_strength,retention_index,early_decline_weeks,long_tail_weeks,is_long_tail,peak_amount,peak_amount_week,peak_theater_count,gov_title_zh,gov_title_en,region,movie_class,official_release_date_y,publisher,film_length,director,actor_list,source_file,update_at
13460,仲夏魘,2,TRUE,2019/7/12,2019/7/8,2025/9/15,2025/10/19,35,5,5,1224762,4577,267.59,下檔,1,2453110,2220,408851.67,,244952.4,915.4,21,-0.506,-0.084,-0.533,-0.931,衰退,需行動,2439313.4121276597,C,-0.99,9.93,0.8851291777986592,0.747,4,2,FALSE,537603,2025-09-15~2025-09-21,38,仲夏魘,MIDSOMMAR,美國,限制級,2019/7/12,車庫娛樂股份有限公司,,,,13460_仲夏魘.csv,2025/11/3 11:04
17126,幻愛,1,FALSE,2020/10/15,2020/10/12,2020/10/12,2020/12/20,70,10,10,943613,4123,228.87,下檔,0,0,0,0,,94361.3,412.3,7,-0.323,-0.443,-0.48,-0.639,衰退,需行動,1046015.47,C,-0.95,9.52,1.6233750996844971,0.8385,3,2,FALSE,280921,2020-10-12~2020-10-18,15,幻愛,Beyond the Dream,香港,輔12級,2020/10/15,光年映畫有限公司,,周冠威,蔡思韵; 劉俊謙; 潘燦良; 鮑起靜; 張滿源; 黃嵐; 魏綺珊; 駱振偉; 蘇皓兒,17126_幻愛.csv,2025/11/3 11:04
21389,們,2,TRUE,2022/5/31,2022/5/30,2025/9/15,2025/10/12,28,4,3,41965,153,274.28,下檔,1,3332467,1163,555411.17,,13988.33,51,1,0.011,-0.395,-0.182,0.032,衰退,正常,153621.79833333334,E,-0.376,0,1.5917340953973251,0.8694999999999999,0,3,FALSE,18830,2025-09-15~2025-09-21,1,們,MEN,英國,限制級,2022/5/31,車庫娛樂股份有限公司,,九把刀,柯震東; 陳妍希; 敖犬; 胡家瑋; 郝劭文; 蔡昌憲; 鄢勝宇; 柯義浤; 王彩樺; 李維維; 邱彥翔; 李鳳新; 段正平; 高麗紅[TW]; 蔡武雄; 許麗娜; 劉雨辰; 陳永晉; 嚴藝文; 賴炳輝; 陳繼平,21389_們.csv,2025/11/3 11:04
21930,天黑請斃命,2,TRUE,2022/8/19,2022/8/15,2022/10/10,2022/11/6,28,4,4,44734,452,98.97,下檔,1,2477870,22,495574,,11183.5,113,2.25,0.165,1.578,0.22,-0.79,衰退,需行動,2439313.4121276597,E,-0.816,7.56,1.3438806568824737,0.9175,2,2,FALSE,18307,2022-10-17~2022-10-23,3,天黑請斃命,BODIES BODIES BODIES,美國,輔15級,2022/8/19,美商台灣索尼影業發行股份有限公司台灣分公司,,哈琳娜瑞金,雅蔓德拉史坦柏; 瑪麗亞巴卡洛娃; 瑞秋森諾特; 雀絲蘇萬德斯; 彼得戴維森; 麥哈拉哈羅德; 李培斯; Conner O'Malley; Semih Senturk,21930_天黑請斃命.csv,2025/11/3 11:04
22894,一一,1,FALSE,2025/10/1,2025/9/29,2025/9/29,2025/11/2,35,5,5,1895697,7123,266.14,上映中,1,4742658,-27,790443,,379139.4,1424.6,12.4,-0.504,-0.538,-0.636,-0.407,衰退,需行動,3483269.161,C,-0.782,8.74,0.8887126967371153,0.748,4,2,FALSE,989335,2025-09-29~2025-10-05,25,一一 25周年4K數位修復版,YIYI-A ONE AND A TWO,中華民國,保護級,2025/9/19,傳影互動股份有限公司,,,,22894_一一 25周年4K數位修復版.csv,2025/11/3 11:04
22894,一一,1,FALSE,2025/10/1,2025/9/29,2025/9/29,2025/11/2,35,5,5,1895697,7123,266.14,上映中,1,4742658,-27,790443,,379139.4,1424.6,12.4,-0.504,-0.538,-0.636,-0.407,衰退,需行動,3483269.161,C,-0.782,8.74,0.8887126967371153,0.748,4,2,FALSE,989335,2025-09-29~2025-10-05,25,一一,YIYI-A ONE AND A TWO,中華民國,保護級,2025/10/1,傳影互動股份有限公司,,,,22894_一一.csv,2025/11/3 11:04
23322,阿凡達：水之道,3,TRUE,2022/12/14,2022/12/12,2023/5/29,2023/8/6,70,10,10,590733,6314,93.56,下檔,2,746464676,22,25114201.34,,59073.3,631.4,3.2,0.033,0.63,0.094,-0.624,成長中,注意,2439313.4121276597,D,0.252,3.41,2.3187647287960242,0.9835,1,4,FALSE,151407,2023-06-05~2023-06-11,5,阿凡達：水之道,AVATAR: THE WAY OF WATER,美國,保護級,2022/12/14,博偉電影股份有限公司,,詹姆斯卡麥隆,山姆沃辛頓; 柔伊莎達娜; 楊紫瓊; 凱特溫絲蕾; 雪歌妮薇佛; 傑梅奈克萊門特; 奧娜卓別林; 喬凡尼瑞比希; 史帝芬朗; 愛迪法珂; 克里夫柯提斯; 克蘿伊科爾曼; CCH龐德 CCH Pounder; 喬大衛摩爾; 貝里巴斯; 傑米弗拉特斯; 傑克查恩,23322_阿凡達：水之道.csv,2025/11/3 11:04
23548,日麗,3,TRUE,2023/1/25,2023/1/23,2025/9/22,2025/10/19,28,4,3,188491,639,294.98,下檔,2,5337789,806,244843.74,,62830.33,213,1,0.003,-0.109,-0.05,0.008,穩定,正常,153621.79833333334,D,-0.102,0,1.6046095986967979,0.8734999999999999,0,3,FALSE,67575,2025-09-22~2025-09-28,1,日麗,Aftersun,英國,保護級,2023/1/25,東昊影業有限公司,,Charlotte Wells,保羅梅茲卡爾; Frankie Corio; Celia Rowlson-Hall; Kayleigh Coleman; Sally Messham; Harry Perdios; Ethan Smith; Ruby Thompson; Brooklyn Toulson,23548_日麗.csv,2025/11/3 11:04
23614,我的鯨魚老爸,2,TRUE,2023/2/2,2023/1/30,2025/9/22,2025/10/26,35,5,3,75755,268,282.67,上映中,1,10699271,862,713284.73,,25251.67,89.33,1,0,-0.223,0.098,0,穩定,正常,2439313.4121276597,E,0.104,0,1.791759469228055,0.8,0,3,FALSE,29020,2025-10-20~2025-10-26,1,我的鯨魚老爸,THE WHALE,美國,保護級,2023/2/2,車庫娛樂股份有限公司,,戴倫亞洛諾夫斯基,布蘭登費雪; 莎蒂辛克; 周洪; 泰辛普金斯; 珊曼莎摩頓; Sathya Sridharan; Jacey Sink,23614_我的鯨魚老爸.csv,2025/11/3 11:04
24046,寶可噩夢,2,TRUE,2023/4/21,2023/4/17,2025/9/15,2025/10/19,35,5,3,41773,153,273.03,下檔,1,1653627,834,236232.43,,13924.33,51,1,0,0.285,-0.03,0,穩定,正常,2439313.4121276597,E,-0.159,0,1.791759469228055,0.8,1,3,FALSE,17173,2025-09-29~2025-10-05,1,寶可噩夢,Beau Is Afraid,美國,限制級,2023/4/21,薩摩亞商雄讚股份有限公司台灣分公司,,亞瑞阿斯特,瓦昆菲尼克斯; 帕可兒波茜; 奈森連恩; 哈莉絲奎爾斯; 艾美萊恩; Richard Kind; 柔伊利斯特瓊斯; Michael Gandolfini; Patti LuPone; Kylie Rogers; 丹尼斯曼努奇; 阿爾緬納哈普蒂安; 史蒂芬亨德森; Julia Antonelli; Theodore Pellerin,24046_寶可噩夢.csv,2025/11/3 11:04
24086,Fishmans,1,FALSE,2023/4/21,2023/4/17,2023/4/17,2023/6/4,49,7,7,398633,1651,241.45,下檔,0,0,0,0,,56947.57,235.86,4.86,-0.236,-0.276,-0.538,0.042,衰退,需行動,4661519.714814815,D,-0.802,7.62,1.5886933378433945,0.882,0,2,FALSE,177625,2023-04-24~2023-04-30,8,Fishmans,The Fishmans Movie,日本,普遍級,2023/4/21,造次文化有限公司,,,,24086_Fishmans.csv,2025/11/3 11:04
25044,之前的我們,2,TRUE,2023/7/28,2023/7/24,2024/12/30,2025/2/23,56,8,7,4440,17,261.18,下檔,1,8309019,442,692418.25,,634.29,2.43,1.14,0.521,-0.304,-0.119,0,成長中,正常,2439313.4121276597,E,2.156,0,1.052470572544049,0.677,1,2,FALSE,1600,2025-02-03~2025-02-09,2,之前的我們,PAST LIVES,美國,普遍級,2023/7/28,車庫娛樂股份有限公司,,席琳宋,劉台午; 約翰馬加羅; 葛麗塔李,25044_之前的我們.csv,2025/11/3 11:04
25045,鬼手鬼手 請開口,4,TRUE,2023/8/11,2023/8/7,2025/9/15,2025/10/12,28,4,3,44381,158,280.89,下檔,3,7157278,50,299959.36,,14793.67,52.67,1,-0.025,-0.136,-0.106,-0.076,衰退,正常,153621.79833333334,E,-0.202,0,1.5692019646232478,0.8625,2,3,FALSE,16671,2025-09-15~2025-09-21,1,鬼手鬼手 請開口,Talk to Me,英國,輔15級,2023/8/11,薩摩亞商雄讚股份有限公司台灣分公司,,麥可菲利浦; 丹尼菲利普,蘇菲魏爾德; 柔伊泰拉克斯; 喬伯德; 克里斯阿洛西奧,25045_鬼手鬼手 請開口.csv,2025/11/3 11:04
26305,夢行者保羅,2,TRUE,2023/12/4,2023/12/4,2025/9/15,2025/10/19,35,5,3,41074,153,268.46,下檔,1,2743366,603,391909.43,,13691.33,51,1,0,0.766,0.241,0,成長中,正常,2439313.4121276597,E,0.264,0,1.791759469228055,0.8,1,3,FALSE,18000,2025-09-29~2025-10-05,1,夢行者保羅,DREAM SCENARIO,美國,輔12級,2023/12/4,車庫娛樂股份有限公司,,克里斯多佛博格利,麥可塞拉; 狄倫貝克; 尼可拉斯凱吉; 茱莉安娜妮克遜,26305_夢行者保羅.csv,2025/11/3 11:04
26439,鬼才之道,1,FALSE,2024/8/7,2024/8/5,2024/8/5,2025/3/9,217,31,29,61115916,234016,261.16,下檔,0,0,0,0,,2107445.38,8069.52,34.17,0.174,-0.319,-0.264,-0.747,衰退,需行動,3483269.161,A,-0.753,8.57,2.8626978557125744,0.880741935,5,4,TRUE,14935288,2024-08-05~2024-08-11,99,鬼才之道,Dead Talents Society,中華民國,輔12級,2024/8/7,牽猴子股份有限公司,,徐漢強,百白; 陳柏霖; 張榕容; 王淨; 曾威豪; 姚以緹,26439_鬼才之道.csv,2025/11/3 11:04
26514,紅豬,2,TRUE,2024/1/1,2024/10/14,2025/9/1,2025/10/19,49,7,7,11458379,42785,267.81,下檔,1,57760,302,19253.33,,1636911.29,6112.14,55.57,-0.575,-0.427,-0.558,-0.882,衰退,需行動,4661519.714814815,B,-0.962,9.81,0.8837626552139303,0.7125,6,2,FALSE,6081169,2025-09-01~2025-09-07,88,紅豬,Porco Rosso,日本,普遍級,2024/1/1,香港商甲上娛樂有限公司台灣分公司,,宮崎駿,岡村明美; 上條恆彥; 桂三枝; 森山周一郎; 加藤登紀子,26514_紅豬.csv,2025/11/3 11:04
26625,貓王與我,2,TRUE,2024/1/26,2024/1/22,2025/9/22,2025/10/12,21,3,2,25650,92,278.8,下檔,1,630041,568,105006.83,,12825,46,1,0,-0.346,0,0,穩定,正常,2439313.4121276597,E,0,0,1.3862943611198906,0.8333333333333333,1,2,FALSE,15510,2025-09-22~2025-09-28,1,貓王與我,PRISCILLA,美國,保護級,2024/1/26,車庫娛樂股份有限公司,,蘇菲亞柯波拉,卡莉史派妮; 雅各艾洛迪,26625_貓王與我.csv,2025/11/3 11:04
26779,夢想集中營,2,TRUE,2024/2/23,2024/2/19,2025/9/22,2025/10/12,21,3,2,115875,414,279.89,下檔,1,3187111,512,318711.1,,57937.5,207,1,0,-0.495,0,0,穩定,正常,153621.79833333334,E,0,0,1.3862943611198906,0.8333333333333333,1,2,FALSE,76975,2025-09-22~2025-09-28,1,夢想集中營,THE ZONE OF INTEREST,英國,保護級,2024/2/23,車庫娛樂股份有限公司,,強納森葛雷瑟,桑德拉惠勒; 克里斯欽佛里德,26779_夢想集中營.csv,2025/11/3 11:04
27106,河鰻,1,FALSE,2025/10/3,2025/9/29,2025/9/29,2025/11/2,35,5,5,739058,2713,272.41,上映中,0,0,0,0,,147811.6,542.6,9.2,0.083,-0.819,-0.671,-0.437,衰退,需行動,3483269.161,D,-0.969,9.61,1.6430434332821264,0.9585,4,1,FALSE,418336,2025-09-29~2025-10-05,14,河鰻,EEL,中華民國,輔15級,2025/10/3,底噪影像有限公司,,朱駿騰,柯泯薰; 潘綱大,27106_河鰻.csv,2025/11/3 11:04
27343,帝國浩劫：美國內戰,2,TRUE,2024/4/29,2024/4/29,2025/9/15,2025/10/19,35,5,3,38762,139,278.86,下檔,1,22573750,435,2257375,,12920.67,46.33,1,0,0.181,0.09,0,穩定,正常,2439313.4121276597,E,0.182,0,1.791759469228055,0.8,0,3,FALSE,13620,2025-10-13~2025-10-19,1,帝國浩劫：美國內戰,CIVIL WAR,美國,輔15級,2024/4/29,車庫娛樂股份有限公司,,艾力克斯嘉蘭,華格納莫拉; 卡莉史派妮; 尼克奧佛曼; 克絲汀鄧斯特; 史蒂芬亨德森,27343_帝國浩劫：美國內戰.csv,2025/11/3 11:04
27899,96分鐘,1,FALSE,2025/9/5,2025/9/1,2025/9/1,2025/11/2,63,9,9,196353314,708850,277,上映中,0,0,0,0,,21817034.89,78761.11,92.56,2.067,0,-0.046,-0.826,衰退,需行動,3483269.161,A,-0.848,8.79,-2.456858294,-0.0335,6,5,FALSE,39730790,2025-09-15~2025-09-21,94,96分鐘,96 MINUTES,中華民國,輔12級,2025/9/5,華影國際影藝有限公司,,洪子烜,林柏宏; 王柏傑; 宋芸樺; 李李仁,27899_96分鐘.csv,2025/11/3 11:04
29081,粗獷派建築師,2,TRUE,2025/2/27,2025/2/24,2025/9/29,2025/10/19,21,3,3,110178,366,301.03,下檔,1,6340754,120,487750.31,,36726,122,1,0.165,0.053,0.248,0.442,成長中,正常,2439313.4121276597,E,0.518,0,1.1575557915351087,0.9175,0,3,FALSE,46838,2025-10-13~2025-10-19,1,粗獷派建築師,THE BRUTALIST,美國,輔12級,2025/2/27,美商美國環球影片股份有限公司台灣分公司,,布拉迪科貝特,費莉絲蒂瓊斯; 喬歐文; 史黛西馬汀; 亞歷桑德羅尼沃拉; 安卓亞布洛迪; 拉菲卡西迪; 蓋皮爾斯,29081_粗獷派建築師.csv,2025/11/3 11:04
29111,台灣超人,2,TRUE,2024/12/6,2024/12/2,2025/8/11,2025/9/28,49,7,6,370440,1628,227.54,下檔,1,27387382,15,829920.67,,61740,271.33,2.33,0.518,0.477,-0.125,-0.219,成長中,正常,3483269.161,D,2.027,1.49,1.0022908230896808,0.6695714285714285,1,5,FALSE,93080,2025-08-18~2025-08-24,5,台灣超人,Taiwan Unsung Hero,中華民國,普遍級,2024/12/6,牽猴子股份有限公司,,曲全立,,29111_台灣超人.csv,2025/11/3 11:04
29378,我家的事,1,FALSE,2025/9/12,2025/9/8,2025/9/8,2025/11/2,56,8,8,9928017,38331,259.01,上映中,0,0,0,0,,1241002.12,4791.38,43.38,1.556,-0.471,-0.418,-0.772,衰退,需行動,3483269.161,B,-0.93,9.39,-1.221656865,0.22199999999999998,6,2,FALSE,3264678,2025-09-15~2025-09-21,66,我家的事,Family Matters,中華民國,保護級,2025/9/12,酷映有影工作室有限公司,,潘客印,曾敬驊; 高伊玲; 藍葦華; 黃珮琪,29378_我家的事.csv,2025/11/3 11:04
29380,失明,1,FALSE,2025/9/19,2025/9/15,2025/9/15,2025/11/2,49,7,7,2419129,9391,257.6,上映中,0,0,0,0,,345589.86,1341.57,31,-0.072,-0.72,-0.71,-0.464,衰退,需行動,3483269.161,C,-0.913,9.61,1.9297217506788877,0.964,6,2,FALSE,1220588,2025-09-15~2025-09-21,71,失明,Blind Love,中華民國,輔15級,2025/9/19,周子娛樂有限公司,,周美豫,王渝萱; 李銘忠; 吳可熙; 林依晨; 劉敬; 李沐,29380_失明.csv,2025/11/3 11:04
29513,異教詭屋,2,TRUE,2024/11/29,2024/11/25,2025/9/15,2025/10/19,35,5,3,45506,160,284.41,下檔,1,3976777,239,497097.12,,15168.67,53.33,1,0,-0.061,0.083,0,穩定,正常,2439313.4121276597,E,0.152,0,1.791759469228055,0.8,0,3,FALSE,16960,2025-10-13~2025-10-19,1,異教詭屋,HERETIC,美國,輔15級,2024/11/29,車庫娛樂股份有限公司,,布萊恩伍茲; 史考特貝克,休葛蘭; 蘇菲柴契爾; 克洛伊伊絲特,29513_異教詭屋.csv,2025/11/3 11:04
29611,交換禮物,1,FALSE,2024/12/25,2024/12/23,2024/12/23,2025/10/26,308,44,40,8472157,34406,246.24,上映中,0,0,0,0,,211803.92,860.15,9.62,0.161,-0.153,-0.248,0,成長中,正常,3483269.161,B,1.531,0,3.193789828917298,0.8740454545454546,1,3,TRUE,1470683,2024-12-30~2025-01-05,55,交換禮物,DEAR  BLACK SHEEP,中華民國,普遍級,2024/12/25,台北双喜電影發行股份有限公司,,林明謙,曾寶儀,29611_交換禮物.csv,2025/11/3 11:04
29653,劇場版「進擊的巨人」完結篇THE LAST ATTACK,2,TRUE,2025/1/3,2024/12/30,2025/6/23,2025/7/13,21,3,2,15790,70,225.57,下檔,1,144173767,36,7208688.35,,7895,35,1,0,-0.24,0,0,穩定,正常,4661519.714814815,E,0,0,1.3862943611198906,0.8333333333333333,1,2,FALSE,8970,2025-06-23~2025-06-29,1,劇場版「進擊的巨人」完結篇THE LAST ATTACK,Attack on Titan: THE LAST ATTACK,日本,輔12級,2025/1/3,木棉花國際股份有限公司,,,,29653_劇場版「進擊的巨人」完結篇THE LAST ATTACK.csv,2025/11/3 11:04
29831,乖女孩,2,TRUE,2025/1/17,2025/1/13,2025/9/22,2025/10/19,28,4,3,52527,189,277.92,下檔,1,5232729,190,581414.33,,17509,63,1,-0.117,-0.351,0.118,0,穩定,正常,2439313.4121276597,E,0.03,0,1.4211336766793106,0.8165,0,3,FALSE,20190,2025-10-13~2025-10-19,1,乖女孩,BABY GIRL,美國,限制級,2025/1/17,車庫娛樂股份有限公司,,哈琳娜瑞金,蘇菲魏爾德; 安東尼奧班德拉斯; 哈里斯迪金森; 妮可基嫚,29831_乖女孩.csv,2025/11/3 11:04
29882,進行曲,1,FALSE,2025/8/29,2025/8/25,2025/8/25,2025/11/2,70,10,10,9878157,38900,253.94,上映中,0,0,0,0,,987815.7,3890,37,0.012,-0.602,-0.409,-0.859,衰退,需行動,3483269.161,B,-0.904,8.73,2.3691205295247904,0.994,2,3,FALSE,2629324,2025-08-25~2025-08-31,81,進行曲,Marching Boys,中華民國,普遍級,2025/8/29,華映國際文創股份有限公司,,姜瑞智,余杰恩; 劉育仁; 黃迪揚; 馬志翔; 李李仁; 牧森,29882_進行曲.csv,2025/11/3 11:04
30021,辛辛監獄劇團,2,TRUE,2025/2/21,2025/2/17,2025/9/15,2025/10/19,35,5,3,62087,230,269.94,下檔,1,293131,183,73282.75,,20695.67,76.67,1,0,-0.423,-0.154,0,衰退,正常,2439313.4121276597,E,-0.357,0,1.791759469228055,0.8,0,3,FALSE,27960,2025-09-15~2025-09-21,1,辛辛監獄劇團,Sing Sing,美國,保護級,2025/2/21,薩摩亞商雄讚股份有限公司台灣分公司,,格雷格克韋達,克拉倫斯麥克林; 科爾曼多明哥; 西恩聖荷西,30021_辛辛監獄劇團.csv,2025/11/3 11:04
30062,鬼吹簫,1,FALSE,2025/10/9,2025/10/6,2025/10/6,2025/11/2,28,4,4,401685,1588,252.95,上映中,0,0,0,0,,100421.25,397,27.75,-0.554,-0.722,-0.808,-0.77,衰退,需行動,2439313.4121276597,D,-0.984,9.85,0.7178093089456087,0.723,3,1,FALSE,263012,2025-10-06~2025-10-12,52,鬼吹簫,THE PIPER,美國,輔12級,2025/10/9,車庫娛樂股份有限公司,,埃林格爾托羅森,朱利安山德斯; 夏綠蒂霍普,30062_鬼吹簫.csv,2025/11/3 11:04
30155,QUEER,1,FALSE,2025/3/21,2025/3/17,2025/3/17,2025/5/11,56,8,8,1795973,7128,251.96,下檔,0,0,0,0,,224496.62,891,13,0.123,-0.495,-0.59,-0.086,衰退,注意,2439313.4121276597,C,-0.464,4.77,1.9269659543238646,0.9385,6,2,FALSE,715372,2025-03-24~2025-03-30,28,QUEER,QUEER,美國,限制級,2025/3/21,采昌國際多媒體股份有限公司,,盧卡格達戈尼諾,德魯史塔基; 丹尼爾克雷格; 蕾絲莉蔓薇爾,30155_QUEER.csv,2025/11/3 11:04
30366,取精急轉彎,1,FALSE,2025/4/25,2025/4/21,2025/4/21,2025/6/22,63,9,9,14073573,51991,270.69,下檔,0,0,0,0,,1563730.33,5776.78,28.33,-0.58,-0.708,-0.611,-0.76,衰退,需行動,794486.165,A,-0.973,9.85,0.9670857390574994,0.71,8,2,FALSE,6642009,2025-04-21~2025-04-27,53,取精急轉彎,Spermageddon,挪威,輔15級,2025/4/25,原創娛樂股份有限公司,,雷斯穆斯a席維特森; 湯姆維爾科拉,克里斯蒂安弗雷德里克米克爾森; 雅斯肯尼; 娜絲琳庫斯拉維,30366_取精急轉彎.csv,2025/11/3 11:04
30436,泣聲驚魂,1,FALSE,2025/5/9,2025/5/5,2025/5/5,2025/5/25,21,3,3,80162,315,254.48,下檔,0,0,0,0,,26720.67,105,11,-0.429,-0.709,-0.837,-0.966,衰退,正常,27571.17,E,-0.977,0,0.7915740801994574,0.7855,2,2,FALSE,47101,2025-05-05~2025-05-11,15,泣聲驚魂,The Wailing,西班牙,輔15級,2025/5/9,原創娛樂股份有限公司,,佩德羅馬丁卡萊羅,瑪萊娜比利亞; 伊絲特伊克斯波席多; 瑪蒂爾德奧利維,30436_泣聲驚魂.csv,2025/11/3 11:04
30497,沈睡的水下巨人,1,FALSE,2025/4/25,2025/4/21,2025/4/21,2025/7/6,77,11,11,2697918,10849,248.68,下檔,0,0,0,0,,245265.27,986.27,12.27,5.348,-0.354,-0.466,-0.416,成長中,注意,3483269.161,C,24.091,5.86,-10.80437411,-1.674,1,2,TRUE,1034306,2025-04-28~2025-05-04,30,沈睡的水下巨人,SHIPWRECKS TAIWAN,中華民國,普遍級,2025/4/25,牽猴子股份有限公司,,李景白; 李景白; 李景白,,30497_沈睡的水下巨人.csv,2025/11/3 11:04
30530,守護我們的星球,1,FALSE,2025/5/23,2025/5/19,2025/5/19,2025/10/26,161,23,22,7907943,31912,247.8,上映中,0,0,0,0,,359451.95,1450.55,12.55,0.812,-0.653,-0.245,-0.831,成長中,注意,3483269.161,B,2.023,5.33,0.5974741201054137,0.5722608695652174,1,8,TRUE,923159,2025-05-19~2025-05-25,41,守護我們的星球,Guardians of our planet,中華民國,普遍級,2025/5/23,牽猴子股份有限公司,,舒夢蘭,,30530_守護我們的星球.csv,2025/11/3 11:04
30560,長椅小情歌,1,FALSE,2025/7/18,2025/7/14,2025/7/14,2025/10/26,105,15,15,2165856,8678,249.58,上映中,0,0,0,0,,144390.4,578.53,7.07,-0.163,-0.479,-0.336,-0.514,衰退,需行動,4661519.714814815,C,-0.835,7.25,2.3206567605146966,0.9185,2,4,TRUE,504818,2025-07-21~2025-07-27,23,長椅小情歌,AT THE BENCH,日本,普遍級,2025/7/18,光年映畫有限公司,,奧山由之,廣瀨鈴; 草彅剛; 吉岡里帆; 仲野太賀; 神木隆之介,30560_長椅小情歌.csv,2025/11/3 11:04
30636,怪譚搜索,1,FALSE,2025/6/6,2025/6/2,2025/6/2,2025/7/6,35,5,5,155607,600,259.35,下檔,0,0,0,0,,31121.4,120,9.8,-0.451,-0.681,-0.704,-0.569,衰退,需行動,2439313.4121276597,D,-0.775,9.71,0.983675949,0.7745,4,2,FALSE,86273,2025-06-02~2025-06-08,22,怪譚搜索,BLOAT,美國,輔12級,2025/6/6,原創娛樂股份有限公司,,帕普蘿艾森圖,班傑明麥肯錫; 索耶瓊斯; 寶珍娜諾娃柯維克; 小杉健,30636_怪譚搜索.csv,2025/11/3 11:04
30655,ATEEZ WORLD TOUR [TOWARDS THE LIGHT：WILL TO POWER] IN CINEMAS,1,FALSE,2025/5/9,2025/5/5,2025/5/5,2025/6/22,49,7,7,7470120,12561,594.71,下檔,0,0,0,0,,1067160,1794.43,17.71,-0.479,-0.617,-0.598,-0.842,衰退,需行動,1374924.815,B,-0.912,9.57,1.0833890432151945,0.7605,6,2,FALSE,3037450,2025-05-05~2025-05-11,31,ATEEZ WORLD TOUR [TOWARDS THE LIGHT：WILL TO POWER] IN CINEMAS,ATEEZ WORLD TOUR [TOWARDS THE LIGHT：WILL TO POWER] IN CINEMAS,韓國,普遍級,2025/5/9,采昌國際多媒體股份有限公司,,,,30655_ATEEZ WORLD TOUR [TOWARDS THE LIGHT：WILL TO POWER] IN CINEMAS.csv,2025/11/3 11:04
30676,我們意外的勇氣,1,FALSE,2025/10/2,2025/9/29,2025/9/29,2025/11/2,35,5,4,3249101,12331,263.49,上映中,0,0,0,0,,812275.25,3082.75,40,4.181,0.846,5.857,-0.584,成長中,正常,3483269.161,B,6.622,0,-5.699586872,-1.1905,1,1,FALSE,2183741,2025-10-20~2025-10-26,79,我們意外的勇氣,Unexpected Courage,中華民國,普遍級,2025/10/2,華文創股份有限公司,,,,30676_我們意外的勇氣.csv,2025/11/3 11:04
30699,此刻的我們,2,TRUE,2025/5/16,2025/5/12,2025/9/22,2025/10/12,21,3,3,17400,232,75,下檔,1,399573,99,79914.6,,5800,77.33,1,-0.182,0.129,-0.274,-0.676,衰退,正常,2439313.4121276597,E,-0.634,0,1.1339887873960706,0.909,1,2,FALSE,7875,2025-09-29~2025-10-05,1,此刻的我們,We Live In Time,美國,輔12級,2025/5/16,英屬蓋曼群島商威望國際娛樂股份有限公司台灣分公司,,約翰克勞利,安德魯加菲爾德; 佛蘿倫絲普伊,30699_此刻的我們.csv,2025/11/3 11:04
30704,造山者－世紀的賭注,1,FALSE,2025/6/13,2025/6/9,2025/6/9,2025/11/2,147,21,21,32014228,128323,249.48,上映中,0,0,0,0,,1524487.05,6110.62,27.43,-0.012,-0.438,-0.221,0.173,衰退,正常,3483269.161,A,-0.297,0.7,3.0539499439180164,0.994,0,7,TRUE,3858264,2025-06-23~2025-06-29,59,造山者－世紀的賭注,A Chip Odyssey,中華民國,普遍級,2025/6/13,視納華仁文化傳播股份有限公司,,蕭菊貞,,30704_造山者－世紀的賭注.csv,2025/11/3 11:04
30717,馴龍高手,1,FALSE,2025/6/7,2025/6/2,2025/6/2,2025/11/2,154,22,22,131971183,438702,300.82,上映中,0,0,0,0,,5998690.14,19941,35.41,1.973,6.902,2.211,-0.962,衰退,需行動,2439313.4121276597,A,-0.674,9.19,-3.050835872,0.013499999999999956,1,3,TRUE,36493327,2025-06-16~2025-06-22,95,馴龍高手,HOW TO TRAIN YOUR DRAGON,美國,普遍級,2025/6/7,美商美國環球影片股份有限公司台灣分公司,,迪恩戴布洛伊,梅森塔姆斯; 妮可帕克; 傑瑞德巴特勒,30717_馴龍高手.csv,2025/11/3 11:04
30738,星際寶貝：史迪奇,1,FALSE,2025/5/22,2025/5/19,2025/5/19,2025/10/19,154,22,21,105651491,390110,270.82,下檔,0,0,0,0,,5031023.38,18576.67,35.43,-0.215,-0.4,-0.39,-0.699,衰退,注意,2439313.4121276597,A,-0.617,6.53,2.4613629595043824,0.8697727272727274,1,3,TRUE,31225707,2025-05-26~2025-06-01,95,星際寶貝：史迪奇,Lilo & Stitch,美國,保護級,2025/5/22,台灣華特迪士尼股份有限公司,,狄恩弗萊捨坎普,比利馬格努森; 查克葛里芬納奇; 瑪雅基羅哈; 克里斯桑德斯; 席妮奧古東,30738_星際寶貝：史迪奇.csv,2025/11/3 11:04
30739,不可能的任務：最終清算,1,FALSE,2025/5/17,2025/5/12,2025/5/12,2025/11/2,175,25,25,453190315,1465673,309.2,上映中,0,0,0,0,,18127612.6,58626.92,41.84,-0.19,-0.474,-0.394,-0.739,衰退,需行動,2439313.4121276597,A,-0.854,8.32,2.639058195797401,0.905,3,3,TRUE,132919944,2025-05-19~2025-05-25,95,不可能的任務：最終清算,MISSION: IMPOSSIBLE -THE FINAL RECKONING,美國,輔12級,2025/5/17,美商美國派拉蒙影片股份有限公司台灣分公司,,克里斯多弗麥奎里,龐克萊門捷夫; 海莉艾特沃; 湯姆克魯斯; 賽門佩格,30739_不可能的任務：最終清算.csv,2025/11/3 11:04
30808,滿血復活,2,TRUE,2025/5/27,2025/5/26,2025/10/6,2025/10/26,21,3,2,29603,105,281.93,上映中,1,5660743,50,514613,,14801.5,52.5,1,0,0.835,0,0,穩定,正常,2439313.4121276597,E,0,0,1.3862943611198906,0.8333333333333333,0,2,FALSE,19160,2025-10-20~2025-10-26,1,滿血復活,BRING HER BACK,美國,限制級,2025/5/27,美商台灣索尼影業發行股份有限公司台灣分公司,,麥可菲利浦; 丹尼菲利普,莎莉霍金斯,30808_滿血復活.csv,2025/11/3 11:04
30809,名偵探柯南 獨眼的殘像,1,FALSE,2025/6/25,2025/6/23,2025/6/23,2025/11/2,133,19,19,214891969,781441,274.99,上映中,0,0,0,0,,11310103.63,41128.47,47,-0.133,-0.433,-0.405,-0.989,衰退,需行動,4661519.714814815,A,-0.994,9.9,2.597299881,0.9335,2,2,TRUE,71677101,2025-06-23~2025-06-29,97,名偵探柯南 獨眼的殘像,Detective Conan The Movie: One-Eyed Flashback,日本,保護級,2025/6/25,普威爾國際股份有限公司,,,,30809_名偵探柯南 獨眼的殘像.csv,2025/11/3 11:04
30863,我家妹妹不准嫁,1,FALSE,2025/6/6,2025/6/2,2025/6/2,2025/6/29,28,4,4,1303617,5179,251.71,下檔,0,0,0,0,,325904.25,1294.75,18.25,-0.356,-0.751,-0.585,-0.73,衰退,需行動,134796.16666666666,C,-0.804,8.3,1.0364780156075606,0.8220000000000001,3,2,FALSE,616591,2025-06-02~2025-06-08,22,我家妹妹不准嫁,Will You Marry Monk?,泰國,輔12級,2025/6/6,仲業股份有限公司,,沃拉武塔溫威西瓦特; 翁加特切姆查倫波恩庫爾; 維拉瓦查約柴孔,鄭壹飛; 可恩娜帕瑟塔拉達那彭; 亞瑞克阿莫蘇帕西瑞,30863_我家妹妹不准嫁.csv,2025/11/3 11:04
30864,世界就是這樣結束的,1,FALSE,2025/10/9,2025/10/6,2025/10/6,2025/11/2,28,4,4,358553,1393,257.4,上映中,0,0,0,0,,89638.25,348.25,10.25,-0.278,-0.235,-0.562,-0.568,衰退,需行動,153621.79833333334,D,-0.949,9.18,1.1620141727774205,0.861,2,2,FALSE,187235,2025-10-13~2025-10-19,16,世界就是這樣結束的,The End,英國,輔12級,2025/10/9,東昊影業有限公司,,約書亞奧本海默,蒂妲絲雲頓; 喬治麥凱; tim mcinnerny; 麥可夏儂,30864_世界就是這樣結束的.csv,2025/11/3 11:04
30960,28年毀滅倒數,2,TRUE,2025/6/17,2025/6/16,2025/9/15,2025/10/12,28,4,4,114850,939,122.31,下檔,1,20715296,29,2301699.56,,28712.5,234.75,1.75,0.543,2.213,0.724,-0.618,衰退,注意,2439313.4121276597,E,-0.397,3.74,0.7355131259823837,0.7284999999999999,1,2,FALSE,51875,2025-09-29~2025-10-05,2,28年毀滅倒數,28 YEARS LATER,美國,限制級,2025/6/17,美商台灣索尼影業發行股份有限公司台灣分公司,,丹尼鮑伊,阿爾菲威廉斯; 雷夫范恩斯; 亞倫泰勒強森; 茱蒂康默,30960_28年毀滅倒數.csv,2025/11/3 11:04
31027,F1電影,1,FALSE,2025/6/24,2025/6/23,2025/6/23,2025/11/2,133,19,19,570415385,1754120,325.19,上映中,0,0,0,0,,30021862.37,92322.11,72.42,-0.257,0.102,-0.037,-0.826,衰退,需行動,2439313.4121276597,A,-0.861,8.91,2.225829079250615,0.8714999999999999,17,6,TRUE,96016586,2025-06-30~2025-07-06,95,F1電影,F1,美國,保護級,2025/6/24,美商華納兄弟（遠東）股份有限公司台灣分公司,,喬瑟夫柯辛斯基,凱莉肯頓; 哈維爾巴登; 達姆森伊卓瑞斯; 布萊德彼特,31027_F1電影.csv,2025/11/3 11:04
31037,暗影部隊,1,FALSE,2025/10/3,2025/9/29,2025/9/29,2025/11/2,35,5,5,1264642,5216,242.45,上映中,0,0,0,0,,252928.4,1043.2,31,-0.587,-0.679,-0.847,-0.82,衰退,需行動,2439313.4121276597,C,-0.988,9.98,0.7399966607911868,0.7065,4,2,FALSE,700050,2025-09-29~2025-10-05,62,暗影部隊,SHADOW FORCE,美國,輔12級,2025/10/3,車庫娛樂股份有限公司,,喬卡納漢,馬克史壯; 歐馬希; 凱莉華盛頓,31037_暗影部隊.csv,2025/11/3 11:04
31082,地球特派員,1,FALSE,2025/7/2,2025/6/30,2025/6/30,2025/11/2,126,18,18,36551647,141212,258.84,上映中,0,0,0,0,,2030647.06,7845.11,31.44,10.918,142.587,47.353,-0.733,衰退,需行動,2439313.4121276597,A,-0.719,8.78,-29.2029458,-4.459,1,2,TRUE,12229929,2025-07-14~2025-07-20,91,地球特派員,ELIO,美國,普遍級,2025/7/2,台灣華特迪士尼股份有限公司,,石之予; 瑪德琳夏拉菲安; 阿德里安莫里納,雪莉韓德森; 柔伊莎達娜; 瑞蜜艾格莉; 賈米拉賈米爾; 布萊德嘉瑞特; 尤納斯基布里布,31082_地球特派員.csv,2025/11/3 11:04
31123,侏羅紀世界：重生,1,FALSE,2025/7/1,2025/6/30,2025/6/30,2025/11/2,126,18,18,299137668,1055815,283.32,上映中,0,0,0,0,,16618759.33,58656.39,47.17,-0.279,-0.35,-0.424,-0.767,衰退,需行動,2439313.4121276597,A,-0.825,8.25,2.1229405039790032,0.8605,3,2,TRUE,109792561,2025-06-30~2025-07-06,94,侏羅紀世界：重生,JURASSIC WORLD REBIRTH,美國,保護級,2025/7/1,美商美國環球影片股份有限公司台灣分公司,,蓋瑞斯愛德華,喬納森拜利; 馬奴賈西亞魯爾福; 魯柏佛蘭德; 馬赫夏拉阿里; 史嘉蕾喬韓森,31123_侏羅紀世界：重生.csv,2025/11/3 11:04
31128,窒友梅根 2.0,2,TRUE,2025/6/27,2025/6/23,2025/9/8,2025/10/12,35,5,5,87265,808,108,下檔,1,12288830,22,1536103.75,,17453,161.6,1.4,-0.12,1.259,0.025,-0.675,衰退,需行動,2439313.4121276597,E,-0.903,9.1,1.5767483329206884,0.94,3,2,FALSE,40305,2025-09-15~2025-09-21,2,窒友梅根 2.0,M3GAN 2.0,美國,輔15級,2025/6/27,美商美國環球影片股份有限公司台灣分公司,,傑拉德約翰史東,愛莉森威廉絲; 艾蜜唐納德; 伊凡娜莎克諾; 珍娜戴維斯; 任范愛普斯; 維奧萊麥克羅,31128_窒友梅根 2.0.csv,2025/11/3 11:04
31158,黑白線人,1,FALSE,2025/9/5,2025/9/1,2025/9/1,2025/10/5,35,5,5,1129371,4286,263.5,下檔,0,0,0,0,,225874.2,857.2,23.6,-0.481,-0.538,-0.715,-0.876,衰退,需行動,1374924.815,C,-0.986,9.91,0.9299231645293605,0.7595000000000001,3,2,FALSE,503703,2025-09-08~2025-09-14,38,黑白線人,Yadang: The Snitch,韓國,限制級,2025/9/5,可樂藝術文創股份有限公司,,黃炳國,姜河那; 朴海俊; 柳海真,31158_黑白線人.csv,2025/11/3 11:04
31159,皇家保姆亞瑟,1,FALSE,2025/10/3,2025/9/29,2025/9/29,2025/11/2,35,5,5,165385,646,256.01,上映中,0,0,0,0,,33077,129.2,9.2,-0.427,-0.661,-0.555,-0.921,衰退,需行動,134796.16666666666,D,-0.93,9.8,1.0266781758676755,0.7865,4,2,FALSE,83803,2025-09-29~2025-10-05,18,皇家保姆亞瑟,OUT OF THE NEST,泰國,普遍級,2025/10/3,可樂藝術文創股份有限公司,,阿圖羅a赫南德茲; 安德魯戈登; 維拉帕特拉吉​​納納溫; 傑夫舒,,31159_皇家保姆亞瑟.csv,2025/11/3 11:04
31186,超人,1,FALSE,2025/7/8,2025/7/7,2025/7/7,2025/11/2,119,17,16,87895470,299750,293.23,上映中,0,0,0,0,,5493466.88,18734.38,36.69,-0.429,-0.4,-0.504,-0.784,衰退,需行動,2439313.4121276597,A,-0.834,8.96,1.6504022737587098,0.7560882352941176,3,2,TRUE,39777558,2025-07-07~2025-07-13,95,超人,SUPERMAN,美國,保護級,2025/7/8,美商華納兄弟（遠東）股份有限公司台灣分公司,,詹姆斯岡恩,瑪麗亞加布里埃拉法里亞; 大衛科倫斯韋; 艾迪蓋瑟吉; 尼可拉斯霍特; 伊莎貝拉莫娜; 瑞秋布羅斯納漢,31186_超人.csv,2025/11/3 11:04
31190,電影哆啦A夢：大雄的繪畫世界物語,1,FALSE,2025/7/18,2025/7/14,2025/7/14,2025/11/2,112,16,16,58218665,225882,257.74,上映中,0,0,0,0,,3638666.56,14117.62,42.75,-0.259,-0.534,-0.383,-0.959,衰退,需行動,4661519.714814815,A,-0.918,9.65,2.099411087945656,0.8705,1,3,TRUE,13994814,2025-07-21~2025-07-27,86,電影哆啦A夢：大雄的繪畫世界物語,DORAEMON THE MOVIE: NOBITA'S ART WORLD TALES,日本,普遍級,2025/7/18,車庫娛樂股份有限公司,,,,31190_電影哆啦A夢：大雄的繪畫世界物語.csv,2025/11/3 11:04
31191,病毒,1,FALSE,2025/9/19,2025/9/15,2025/9/15,2025/10/12,28,4,4,783935,3211,244.14,下檔,0,0,0,0,,195983.75,802.75,40.75,-0.584,-0.768,-0.882,-0.988,衰退,需行動,1374924.815,D,-0.999,9.99,0.6695261715725858,0.708,3,2,FALSE,489419,2025-09-15~2025-09-21,68,病毒,VIRUS,韓國,保護級,2025/9/19,車庫娛樂股份有限公司,,姜利官,金倫奭; 裴斗娜; 孫錫求,31191_病毒.csv,2025/11/3 11:04
31201,壞蛋聯盟 2,1,FALSE,2025/7/26,2025/7/21,2025/7/21,2025/11/2,105,15,14,17429492,67867,256.82,上映中,0,0,0,0,,1244963.71,4847.64,30.79,7.262,28.322,9.352,-0.897,衰退,需行動,2439313.4121276597,A,-0.739,7.87,-17.36195058,-2.664333333,1,3,TRUE,5426184,2025-08-04~2025-08-10,91,壞蛋聯盟 2,THE BAD GUYS 2,美國,保護級,2025/7/26,美商美國環球影片股份有限公司台灣分公司,,皮埃爾佩里費爾,馬克馬隆; 安東尼拉莫斯; 山姆洛克威爾; 克雷格羅賓森; 奧卡菲娜,31201_壞蛋聯盟 2.csv,2025/11/3 11:04
31251,藍色小精靈大電影,2,TRUE,2025/7/18,2025/7/14,2025/10/6,2025/11/2,28,4,4,23400,312,75,上映中,1,4127052,29,515881.5,,5850,78,1,-0.356,-0.467,-0.475,-0.845,衰退,需行動,2439313.4121276597,E,-0.862,8.9,1.0364780156075606,0.8220000000000001,3,2,FALSE,11250,2025-10-06~2025-10-12,1,藍色小精靈大電影,SMURFS,美國,普遍級,2025/7/18,美商美國派拉蒙影片股份有限公司台灣分公司,,馬特蘭登; 克里斯米勒,約翰古德曼; 娜塔莎諾伊尼; 寇特羅素; 詹姆斯柯登; 蕾哈娜; 漢娜沃丁厄姆,31251_藍色小精靈大電影.csv,2025/11/3 11:04
31301,我在荒野做了一場夢,1,FALSE,2025/8/22,2025/8/18,2025/8/18,2025/11/2,77,11,11,3391998,13994,242.39,上映中,0,0,0,0,,308363.45,1272.18,11.73,-0.253,-0.527,-0.251,-0.813,衰退,需行動,3483269.161,B,-0.902,8.96,1.8562252673916362,0.8734999999999999,9,6,TRUE,611002,2025-08-25~2025-08-31,23,我在荒野做了一場夢,Seven Ages of a Man,中華民國,普遍級,2025/8/22,牽猴子股份有限公司,,沈可尚,徐仁修; 徐仁修,31301_我在荒野做了一場夢.csv,2025/11/3 11:04
31305,世紀編舞大師,1,FALSE,2025/9/5,2025/9/1,2025/9/1,2025/10/26,56,8,8,247806,1185,209.12,上映中,0,0,0,0,,30975.75,148.12,4.62,-0.142,-0.237,-0.424,0.307,衰退,注意,34492.73333333333,D,-0.654,4.99,1.8852186873544763,0.929,0,2,FALSE,107319,2025-09-08~2025-09-14,12,世紀編舞大師,Cranko (John Cranko),德國,輔12級,2025/9/5,聯影企業股份有限公司,,約阿希姆朗; 約阿希姆朗,山姆萊利,31305_世紀編舞大師.csv,2025/11/3 11:04
31329,全知讀者視角,1,FALSE,2025/7/21,2025/7/21,2025/7/21,2025/11/2,105,15,14,78380572,285158,274.87,上映中,0,0,0,0,,5598612.29,20368.43,41.29,-0.212,-0.232,-0.392,-0.466,成長中,正常,1374924.815,A,0.971,0,2.1847999131249476,0.8606666666666667,1,2,TRUE,30799172,2025-07-21~2025-07-27,96,全知讀者視角,Omniscient Reader,韓國,輔12級,2025/7/21,采昌國際多媒體股份有限公司,,金秉祐,蔡秀彬; 林珍娜; 安孝燮; 李敏鎬; 金智秀; 申承浩,31329_全知讀者視角.csv,2025/11/3 11:04
31352,驚奇4超人：第一步,2,TRUE,2025/7/23,2025/7/21,2025/10/13,2025/11/2,21,3,3,105535,1001,105.43,上映中,1,70670296,15,7067029.6,,35178.33,333.67,2,-0.026,0.671,-0.039,-0.749,衰退,正常,2439313.4121276597,E,-0.581,0,1.3502507077307735,0.987,1,2,FALSE,57065,2025-10-20~2025-10-26,2,驚奇4超人：第一步,The Fantastic Four: First Steps,美國,保護級,2025/7/23,台灣華特迪士尼股份有限公司,,麥特夏克曼,凡妮莎寇比; 艾邦摩斯貝克許; 喬瑟夫昆恩; 佩德羅帕斯卡,31352_驚奇4超人：第一步.csv,2025/11/3 11:04
31355,電影蠟筆小新：超華麗！灼熱的春日部舞者們,1,FALSE,2025/8/22,2025/8/18,2025/8/18,2025/11/2,77,11,11,50437122,190779,264.37,上映中,0,0,0,0,,4585192.91,17343.55,56.73,-0.323,-0.429,-0.537,-0.95,衰退,需行動,4661519.714814815,A,-0.937,9.63,1.6822818019064762,0.8385,1,2,TRUE,21110142,2025-08-25~2025-08-31,86,電影蠟筆小新：超華麗！灼熱的春日部舞者們,CRAYON SHINCHAN THE MOVIE: SUPER HOT! THE SPICY KASUKABE DANCERS,日本,普遍級,2025/8/22,車庫娛樂股份有限公司,,,,31355_電影蠟筆小新：超華麗！灼熱的春日部舞者們.csv,2025/11/3 11:04
31364,凶器,1,FALSE,2025/8/8,2025/8/4,2025/8/4,2025/10/19,77,11,11,25156397,90478,278.04,下檔,0,0,0,0,,2286945.18,8225.27,35.64,1.658,9.236,2.851,-0.47,衰退,注意,2439313.4121276597,A,-0.686,6.81,-1.635068576,0.17100000000000004,9,2,TRUE,10192343,2025-08-11~2025-08-17,82,凶器,WEAPONS,美國,限制級,2025/8/8,美商華納兄弟（遠東）股份有限公司台灣分公司,,札克克瑞格,黃凱旋; 艾美麥蒂根; 朱莉亞嘉納; 喬許布洛林,31364_凶器.csv,2025/11/3 11:04
31365,劇場版「鬼滅之刃」無限城篇 第一章 猗窩座再襲,1,FALSE,2025/8/6,2025/8/4,2025/8/4,2025/11/2,91,13,13,826692109,2577614,320.72,上映中,0,0,0,0,,63591700.69,198278,94.46,-0.261,-0.057,-0.246,-0.735,衰退,需行動,4661519.714814815,A,-0.755,7.88,1.950263366585676,0.8694999999999999,11,3,TRUE,233117423,2025-08-11~2025-08-17,98,劇場版「鬼滅之刃」無限城篇 第一章 猗窩座再襲,Demon Slayer：Kimetsu no Yaiba Infinity Castle,日本,輔12級,2025/8/6,木棉花國際股份有限公司,,,,31365_劇場版「鬼滅之刃」無限城篇 第一章 猗窩座再襲.csv,2025/11/3 11:04
31402,天作之合,1,FALSE,2025/8/23,2025/8/18,2025/8/18,2025/11/2,77,11,11,12725063,46046,276.36,上映中,0,0,0,0,,1156823.91,4186,35.36,4.55,14.87,4.831,-0.681,衰退,需行動,2439313.4121276597,A,-0.872,9.26,-8.821418607,-1.275,8,2,TRUE,4523100,2025-09-01~2025-09-07,88,天作之合,MATERIALISTS,美國,普遍級,2025/8/23,美商台灣索尼影業發行股份有限公司台灣分公司,,席琳宋,克里斯伊凡; 達柯塔強生; 佩德羅帕斯卡,31402_天作之合.csv,2025/11/3 11:04
31474,角頭－鬥陣欸,1,FALSE,2025/8/21,2025/8/18,2025/8/18,2025/11/2,77,11,11,188457553,687930,273.95,上映中,0,0,0,0,,17132504.82,62539.09,64.82,-0.465,-0.54,-0.55,-0.632,衰退,需行動,3483269.161,A,-0.776,8.64,1.329425058,0.7675,10,2,TRUE,77145573,2025-08-18~2025-08-24,96,角頭－鬥陣欸,GATAO: Big Brothers,中華民國,限制級,2025/8/21,威視股份有限公司,,姚宏易; 姜瑞智,高捷; 夏靖庭; 蔡振南; 太保; 龍天翔; 喜翔; 王識賢,31474_角頭－鬥陣欸.csv,2025/11/3 11:04
31502,怪奇寶貝,1,FALSE,2025/9/5,2025/9/1,2025/9/1,2025/10/19,49,7,6,695393,2771,250.95,下檔,0,0,0,0,,115898.83,461.83,26,-0.474,-0.724,-0.856,0,成長中,正常,2439313.4121276597,D,9.929,0,1.0937862509235936,0.6915714285714285,0,2,FALSE,396312,2025-09-01~2025-09-07,64,怪奇寶貝,SKETCH,美國,保護級,2025/9/5,車庫娛樂股份有限公司,,賽斯沃利,妲西卡登; 凱隆考克斯; 比安卡貝爾; 托尼海爾; 庫勞倫斯,31502_怪奇寶貝.csv,2025/11/3 11:04
31507,一兆$遊戲　劇場版,1,FALSE,2025/8/15,2025/8/11,2025/8/11,2025/10/26,77,11,10,1590048,6283,253.07,上映中,0,0,0,0,,159004.8,628.3,9.2,-0.249,-0.677,-0.698,0.903,成長中,正常,4661519.714814815,C,7,0,1.8661648939907882,0.8300454545454545,0,2,TRUE,718276,2025-08-11~2025-08-17,24,一兆$遊戲　劇場版,Trillion Game the Movie,日本,保護級,2025/8/15,天馬行空數位有限公司,,,,31507_一兆$遊戲　劇場版.csv,2025/11/3 11:04
31520,龍之心-靈界探訪記-,1,FALSE,2025/8/30,2025/8/25,2025/8/25,2025/11/2,70,10,10,4835706,21317,226.85,上映中,0,0,0,0,,483570.6,2131.7,13,0.984,0.752,2.953,-0.824,衰退,需行動,4661519.714814815,B,-0.935,9.58,0.038366324,0.508,6,3,FALSE,1463221,2025-09-15~2025-09-21,25,龍之心-靈界探訪記-,ドラゴン・ハート-霊界探訪記-,日本,輔12級,2025/8/30,台灣幸福科學出版有限公司,,今掛勇,深見梨加; 廣瀨千夏; 淺野真澄,31520_龍之心-靈界探訪記-.csv,2025/11/3 11:04
31523,樂來越愛你,1,FALSE,2025/9/12,2025/9/8,2025/9/8,2025/10/26,49,7,7,4777799,13529,353.15,上映中,0,0,0,0,,682542.71,1932.71,14.14,-0.475,-0.631,-0.677,-0.427,衰退,需行動,153621.79833333334,B,-0.812,8.75,1.0917068093819138,0.7625,6,2,FALSE,2172733,2025-09-08~2025-09-14,28,樂來越愛你,La La Land,英國,普遍級,2025/9/12,英屬蓋曼群島商威望國際娛樂股份有限公司台灣分公司,,,,31523_樂來越愛你.csv,2025/11/3 11:04
31531,詭鄉,1,FALSE,2025/9/19,2025/9/15,2025/9/15,2025/10/19,35,5,5,2826818,10563,267.62,下檔,0,0,0,0,,565363.6,2112.6,39.2,1.041,-0.649,-0.732,0.102,衰退,需行動,3483269.161,B,-0.899,9.21,-0.073462138,0.47950000000000004,0,2,FALSE,1300019,2025-09-15~2025-09-21,60,詭鄉,Eerie Hometown,中華民國,輔12級,2025/9/19,威視股份有限公司,,馬新語,初孟軒; 雷嘉汭; 張翰 (ii); 王滿嬌,31531_詭鄉.csv,2025/11/3 11:04
31541,熱烈,1,FALSE,2025/9/13,2025/9/8,2025/9/8,2025/11/2,56,8,8,2277277,8892,256.1,上映中,0,0,0,0,,284659.62,1111.5,5.38,1.52,-0.952,4.797,-0.776,衰退,需行動,284659.62,C,-0.884,9.18,-1.14255678,0.24,5,2,FALSE,764525,2025-09-22~2025-09-28,7,熱烈,One and Only,中國大陸,普遍級,2025/9/13,恆星多媒體股份有限公司,,大鵬,王一博; 黃渤,31541_熱烈.csv,2025/11/3 11:04
31547,辣媽辣妹2,1,FALSE,2025/8/18,2025/8/18,2025/8/18,2025/10/12,56,8,8,9606265,35550,270.22,下檔,0,0,0,0,,1200783.12,4443.75,41.88,-0.488,-0.024,-0.417,-0.949,衰退,需行動,2439313.4121276597,B,-0.974,9.84,1.1249789835961443,0.756,7,2,FALSE,3796318,2025-08-18~2025-08-24,81,辣媽辣妹2,Freakier Friday,美國,普遍級,2025/8/18,台灣華特迪士尼股份有限公司,,妮莎嘉娜卓,潔美李寇蒂斯; 茱利亞芭特絲; 查德麥可莫瑞; 索菲亞漢門斯; 琳賽蘿涵,31547_辣媽辣妹2.csv,2025/11/3 11:04
31570,無名指,1,FALSE,2025/9/19,2025/9/15,2025/9/15,2025/10/26,42,6,5,899357,3740,240.47,上映中,0,0,0,0,,179871.4,748,29.8,0.025,-0.748,-0.539,0.059,穩定,注意,1046015.47,C,-0.187,4.59,1.8972623953289303,0.9041666666666667,0,2,FALSE,420162,2025-09-15~2025-09-21,60,無名指,My First of May,香港,普遍級,2025/9/19,華映國際文創股份有限公司,,孔令政,許恩怡; 郭富城; 梁詠琪; 譚耀文; 鮑起靜,31570_無名指.csv,2025/11/3 11:04
31596,厲陰宅：最終聖事,1,FALSE,2025/9/3,2025/9/1,2025/9/1,2025/11/2,63,9,9,61420707,208886,294.04,上映中,0,0,0,0,,6824523,23209.56,63.67,-0.469,-0.323,-0.443,-0.858,衰退,需行動,2439313.4121276597,A,-0.944,9.68,1.2226726843798383,0.7655000000000001,8,2,FALSE,21578472,2025-09-01~2025-09-07,92,厲陰宅：最終聖事,The Conjuring：Last Rites,美國,輔15級,2025/9/3,美商華納兄弟（遠東）股份有限公司台灣分公司,,麥可查維斯,薇拉法蜜嘉; 派翠克威爾森,31596_厲陰宅：最終聖事.csv,2025/11/3 11:04
31650,親愛的家人,1,FALSE,2025/9/5,2025/9/1,2025/9/1,2025/9/21,21,3,3,223574,952,234.85,下檔,0,0,0,0,,74524.67,317.33,34.67,-0.427,-0.7,-0.84,-0.981,衰退,正常,4661519.714814815,D,-0.987,0,0.7943466689216973,0.7865,2,2,FALSE,130522,2025-09-01~2025-09-07,49,親愛的家人,DEAR FAMILY,日本,普遍級,2025/9/5,車庫娛樂股份有限公司,,月川翔,大泉洋; 菅野美穗; 福本莉子,31650_親愛的家人.csv,2025/11/3 11:04
31651,永遠在一起,1,FALSE,2025/9/26,2025/9/22,2025/9/22,2025/11/2,42,6,6,2399243,9175,261.5,上映中,0,0,0,0,,399873.83,1529.17,31,-0.525,-0.57,-0.689,-0.964,衰退,需行動,2439313.4121276597,C,-0.989,9.96,0.9243073208012738,0.7375,4,2,FALSE,994676,2025-09-29~2025-10-05,61,永遠在一起,TOGETHER,美國,輔15級,2025/9/26,采昌國際多媒體股份有限公司,,麥可山克斯,戴夫法蘭科; 愛莉森布里,31651_永遠在一起.csv,2025/11/3 11:04
31654,電影版小林家的龍女僕：害怕寂寞的龍,1,FALSE,2025/9/9,2025/9/8,2025/9/8,2025/11/2,56,8,8,7381903,26624,277.26,上映中,0,0,0,0,,922737.88,3328,34.38,-0.495,-0.374,-0.4,-0.866,衰退,需行動,4661519.714814815,B,-0.942,9.69,1.109598411554791,0.7525,7,2,FALSE,2985943,2025-09-08~2025-09-14,67,電影版小林家的龍女僕：害怕寂寞的龍,Miss Kobayashi's Dragon Maid: A lonely dragon wants to be loved,日本,保護級,2025/9/9,采昌國際多媒體股份有限公司,,石原立也,高橋未奈美; 長繩麻理亞; 高田憂希; 高橋未奈美; 桑原由氣; 田村睦心; 高田憂希,31654_電影版小林家的龍女僕：害怕寂寞的龍.csv,2025/11/3 11:04
31662,淒厲人師,1,FALSE,2025/9/26,2025/9/22,2025/9/22,2025/10/19,28,4,4,181629,737,246.44,下檔,0,0,0,0,,45407.25,184.25,9.25,-0.431,-0.667,-0.722,-0.535,衰退,需行動,134796.16666666666,D,-0.983,9.78,0.915770172,0.7845,3,2,FALSE,99931,2025-09-22~2025-09-28,17,淒厲人師,The Tutor,泰國,輔12級,2025/9/26,原創娛樂股份有限公司,,布蘭戴德斯德,芽芽茵; 索蘭拉姆阿內拉普; 尼措空卡瓊伯利叻; 鄭子忠; 因托楚克倥拉瑪蘇皖,31662_淒厲人師.csv,2025/11/3 11:04
31668,突破_三千米的泳氣,1,FALSE,2025/10/3,2025/9/29,2025/9/29,2025/11/2,35,5,5,5820658,24118,241.34,上映中,0,0,0,0,,1164131.6,4823.6,43.4,0.031,-0.649,-0.557,-0.649,衰退,需行動,3483269.161,B,-0.836,8.56,1.7362149256819852,0.9844999999999999,4,2,FALSE,2325489,2025-09-29~2025-10-05,58,突破:三千米的泳氣,Second Life,中華民國,保護級,2025/10/3,春暉映像有限公司,,,,31668_突破_三千米的泳氣.csv,2025/11/3 11:04
31670,搖籃凡世,1,FALSE,2025/9/19,2025/9/15,2025/9/15,2025/10/12,28,4,4,105506,453,232.91,下檔,0,0,0,0,,26376.5,113.25,9,-0.375,-0.778,-0.599,-0.98,衰退,需行動,26376.5,E,-0.981,9.85,1.0058986952713127,0.8125,3,2,FALSE,52061,2025-09-15~2025-09-21,15,搖籃凡世,Pavane for an Infant,馬來西亞,輔12級,2025/9/19,海鵬影業有限公司,,張吉安,許恩怡; 廖子妤,31670_搖籃凡世.csv,2025/11/3 11:04
31679,凌晨兩點的惡魔,1,FALSE,2025/8/29,2025/8/25,2025/8/25,2025/9/28,35,5,5,2713145,10460,259.38,下檔,0,0,0,0,,542629,2092,41.2,-0.502,-0.67,-0.698,-0.853,衰退,需行動,1374924.815,B,-0.954,9.73,0.8922962156755714,0.749,4,2,FALSE,1326395,2025-08-25~2025-08-31,73,凌晨兩點的惡魔,PRETTY CRAZY,韓國,普遍級,2025/8/29,車庫娛樂股份有限公司,,李相槿; 李相槿,成東鎰; 潤娥; 安普賢,31679_凌晨兩點的惡魔.csv,2025/11/3 11:04
31685,劇場版 咒術迴戰 懷玉・玉折,1,FALSE,2025/9/5,2025/9/1,2025/9/1,2025/11/2,63,9,9,30261330,104207,290.4,上映中,0,0,0,0,,3362370,11578.56,57.22,-0.389,-0.517,-0.449,-0.813,衰退,需行動,4661519.714814815,A,-0.865,9.24,1.4068794918193621,0.8055,7,3,FALSE,9464676,2025-09-08~2025-09-14,86,劇場版 咒術迴戰 懷玉・玉折,JUJUTSU KAISEN: Hidden Inventory / Premature Death – The Movie,日本,保護級,2025/9/5,薩摩亞商羚邦(亞洲)有限公司台灣分公司,,,,31685_劇場版 咒術迴戰 懷玉・玉折.csv,2025/11/3 11:04
31701,麵包超人電影版：小水滴的英雄！,1,FALSE,2025/9/6,2025/9/1,2025/9/1,2025/10/26,56,8,8,1308160,4981,262.63,上映中,0,0,0,0,,163520,622.62,15.38,2.025,4.961,1.297,-0.955,衰退,需行動,4661519.714814815,C,-0.992,9.96,-2.252155192,-0.0125,6,2,FALSE,623427,2025-09-08~2025-09-14,33,麵包超人電影版：小水滴的英雄！,ANPANMAN: Chapon's Hero！,日本,普遍級,2025/9/6,曼迪傳播股份有限公司,,,,31701_麵包超人電影版：小水滴的英雄！.csv,2025/11/3 11:04
31702,光,1,FALSE,2025/10/3,2025/9/29,2025/9/29,2025/10/26,28,4,4,137277,584,235.06,上映中,0,0,0,0,,34319.25,146,8.25,-0.396,-0.549,-0.728,-0.98,衰退,需行動,34492.73333333333,D,-0.993,9.91,0.9721004991101966,0.802,2,2,FALSE,59615,2025-10-06~2025-10-12,13,光,The light,德國,輔15級,2025/10/3,聯影企業股份有限公司,,,,31702_光.csv,2025/11/3 11:04
31704,陌路兄弟,1,FALSE,2025/9/26,2025/9/22,2025/9/22,2025/10/26,35,5,5,225901,1040,217.21,上映中,0,0,0,0,,45180.2,208,7.4,-0.355,-0.823,-0.642,-0.083,衰退,需行動,3483269.161,D,-0.981,9.73,1.1556848576520955,0.8225,4,1,FALSE,126241,2025-09-22~2025-09-28,12,陌路兄弟,Road's End in Taiwan,中華民國,保護級,2025/9/26,綺影映畫有限公司,,瑪莉亞尼科里埃爾,納曜; 鳳小岳; 皮埃爾安托萬杜比; 林慶台,31704_陌路兄弟.csv,2025/11/3 11:04
31712,劇場版 歌之☆王子殿下♪ TABOO NIGHT XXXX with Double Encore (QUARTET NIGHT version),1,FALSE,2025/9/5,2025/9/1,2025/9/1,2025/11/2,63,9,9,2063774,7721,267.29,上映中,0,0,0,0,,229308.22,857.89,8.44,107.013,413.23,137.552,-0.901,衰退,需行動,4661519.714814815,C,-0.864,9.01,-244.1039535,-52.5065,1,2,FALSE,708575,2025-09-15~2025-09-21,16,劇場版 歌之☆王子殿下♪ TABOO NIGHT XXXX with Double Encore (QUARTET NIGHT version),Movie:Utano☆Princesama TABOO NIGHT XXXX with Double Encore (QUARTET NIGHT version),日本,普遍級,2025/9/5,曼迪傳播股份有限公司,,,,31712_劇場版 歌之☆王子殿下♪ TABOO NIGHT XXXX with Double Encore (QUARTET NIGHT version).csv,2025/11/3 11:04
31713,捏造：史上最惡殺人教師,1,FALSE,2025/9/19,2025/9/15,2025/9/15,2025/10/26,42,6,6,688939,2769,248.8,上映中,0,0,0,0,,114823.17,461.5,13.67,-0.371,-0.681,-0.681,0.329,衰退,需行動,4661519.714814815,D,-0.915,9.52,1.223977483755792,0.8145,0,2,FALSE,324408,2025-09-15~2025-09-21,28,捏造：史上最惡殺人教師,SHAM,日本,輔12級,2025/9/19,光年映畫有限公司,,三池崇史,龜梨和也; 大倉孝二; 綾野剛; 木村文乃; 柴崎幸,31713_捏造：史上最惡殺人教師.csv,2025/11/3 11:04
31714,鋼琴之子,1,FALSE,2025/9/19,2025/9/15,2025/9/15,2025/10/26,42,6,6,170530,798,213.7,上映中,0,0,0,0,,28421.67,133,6.5,-0.263,-0.425,-0.615,0.045,衰退,注意,27571.17,D,-0.527,6.63,1.4341357798537657,0.8685,0,2,FALSE,80635,2025-09-22~2025-09-28,15,鋼琴之子,Wolfgang,西班牙,普遍級,2025/9/19,仲業股份有限公司,,哈維爾魯伊斯卡德拉,喬迪卡塔蘭; 安娜卡斯提洛; 米奇艾斯帕貝; 安琪戈尼亞隆斯; 貝爾托羅梅羅,31714_鋼琴之子.csv,2025/11/3 11:04
31715,致我所愛之人,1,FALSE,2025/9/5,2025/9/1,2025/9/1,2025/11/2,63,9,9,190074,831,228.73,上映中,0,0,0,0,,21119.33,92.33,3,-0.252,-0.619,-0.336,-0.543,衰退,注意,4661519.714814815,D,-0.556,6.41,1.7223336495595463,0.874,5,3,FALSE,51634,2025-09-01~2025-09-07,9,致我所愛之人,Belonging,日本,普遍級,2025/9/5,中影股份有限公司,,東香織,小泉今日子,31715_致我所愛之人.csv,2025/11/3 11:04
31745,血怨,1,FALSE,2025/9/26,2025/9/22,2025/9/22,2025/10/26,35,5,5,1206370,4505,267.78,上映中,0,0,0,0,,241274,901,25.4,-0.505,-0.587,-0.77,-0.765,衰退,需行動,301279.39999999997,C,-0.979,9.9,0.8869209372678872,0.7475,4,2,FALSE,557642,2025-09-22~2025-09-28,51,血怨,PEREWANGAN,印尼,輔15級,2025/9/26,車庫娛樂股份有限公司,,艾文蘇亞迪,烏利特里亞尼; 珊蒂; 貝比伊芙琳; 達維娜卡拉莫伊,31745_血怨.csv,2025/11/3 11:04
31746,希瑪之歌,1,FALSE,2025/10/13,2025/10/13,2025/10/13,2025/11/2,21,3,2,20420,105,194.48,上映中,0,0,0,0,,10210,52.5,1,0,-0.776,0,0,穩定,正常,10210,E,0,0,1.3862943611198906,0.8333333333333333,1,1,FALSE,16680,2025-10-13~2025-10-19,1,希瑪之歌,Sima's Song,阿富汗,保護級,2025/10/13,飛望影像有限公司,,,,31746_希瑪之歌.csv,2025/11/3 11:04
31748,卡夫卡最後的愛,1,FALSE,2025/9/27,2025/9/22,2025/9/22,2025/11/2,42,6,5,190916,909,210.03,上映中,0,0,0,0,,38183.2,181.8,7.8,-0.35,4.529,1.171,-0.732,衰退,需行動,34492.73333333333,D,-0.917,9.11,1.2648415968859537,0.7416666666666667,3,2,FALSE,95983,2025-10-06~2025-10-12,14,卡夫卡最後的愛,The Glory of Life,德國,保護級,2025/9/27,海鵬影業有限公司,,喬治馬斯; 茱蒂斯凱夫曼,薩賓塔布瑞亞; 曼努埃爾魯比; 亨麗埃特康芙莉絲,31748_卡夫卡最後的愛.csv,2025/11/3 11:04
31760,鬼巫,1,FALSE,2025/9/12,2025/9/8,2025/9/8,2025/10/12,35,5,5,1160569,4651,249.53,下檔,0,0,0,0,,232113.8,930.2,33.4,-0.586,-0.685,-0.825,-0.877,衰退,需行動,2439313.4121276597,C,-0.983,9.97,0.7417884202604148,0.7070000000000001,4,2,FALSE,645419,2025-09-08~2025-09-14,67,鬼巫,WITCHBOARD,美國,輔15級,2025/9/12,車庫娛樂股份有限公司,,恰克羅素,麥蒂遜艾斯曼; 梅蘭妮簡森; 亞倫多明格斯; 傑米坎貝爾鮑爾; 查理特翰; 安東妮亞戴斯培,31760_鬼巫.csv,2025/11/3 11:04
31762,約見波布,1,FALSE,2025/9/26,2025/9/22,2025/9/22,2025/10/12,21,3,3,108045,506,213.53,下檔,0,0,0,0,,36015,168.67,12,-0.241,-0.544,-0.665,-0.786,衰退,正常,36015,E,-0.772,0,1.052197420089997,0.8795,1,2,FALSE,50143,2025-09-29~2025-10-05,15,約見波布,Meeting with Pol Pot,法國,輔12級,2025/9/26,海鵬影業有限公司,,潘禮德,葛雷哥瓦柯林; 伊蓮雅各; 希里爾桂伊,31762_約見波布.csv,2025/11/3 11:04
31767,醜得要命,1,FALSE,2025/9/20,2025/9/15,2025/9/15,2025/11/2,49,7,7,536511,2160,248.38,上映中,0,0,0,0,,76644.43,308.57,9.14,-0.235,-0.356,-0.432,-0.506,衰退,需行動,1374924.815,D,-0.784,9.39,1.5907727793850743,0.8825000000000001,5,2,FALSE,213938,2025-09-22~2025-09-28,23,醜得要命,THE UGLY,韓國,輔12級,2025/9/20,壹壹喜喜電影股份有限公司,,延尚昊,朴正民; 權海孝,31767_醜得要命.csv,2025/11/3 11:04
31769,大競走,1,FALSE,2025/9/12,2025/9/8,2025/9/8,2025/11/2,56,8,7,5035097,20337,247.58,上映中,0,0,0,0,,719299.57,2905.29,36.71,-0.395,-0.596,-0.533,0,衰退,需行動,2439313.4121276597,B,-0.997,9.98,1.3293208692884129,0.74,6,2,FALSE,2017935,2025-09-08~2025-09-14,81,大競走,THE LONG WALK,美國,輔15級,2025/9/12,車庫娛樂股份有限公司,,法蘭西斯勞倫斯,約書亞奧吉克; 庫柏霍夫曼; 馬克漢米爾; 查理普拉瑪; 王班; 大衛榮松,31769_大競走.csv,2025/11/3 11:04
31777,奇幻導航,1,FALSE,2025/10/2,2025/9/29,2025/9/29,2025/11/2,35,5,5,1858006,7210,257.7,上映中,0,0,0,0,,371601.2,1442,47,3.112,9.611,2.82,-0.857,衰退,需行動,2439313.4121276597,C,-0.972,9.69,-3.784195999,-0.556,3,2,FALSE,1002765,2025-10-06~2025-10-12,76,奇幻導航,A BIG BOLD BEAUTIFUL JOURNEY,美國,保護級,2025/10/2,美商台灣索尼影業發行股份有限公司台灣分公司,,名田高梧,瑪格羅比; 柯林法洛,31777_奇幻導航.csv,2025/11/3 11:04
31794,劇場版『鏈鋸人 蕾潔篇』,1,FALSE,2025/9/19,2025/9/15,2025/9/15,2025/11/2,49,7,7,192190191,621328,309.32,上映中,0,0,0,0,,27455741.57,88761.14,80.43,51.306,153.878,51.225,-0.792,衰退,需行動,4661519.714814815,A,-0.754,8.12,-104.6083862,-24.653,1,4,FALSE,49455153,2025-09-22~2025-09-28,94,劇場版『鏈鋸人 蕾潔篇』,Chainsaw Man – The Movie: Reze Arc,日本,輔15級,2025/9/19,美商台灣索尼影業發行股份有限公司台灣分公司,,吉原達矢,戶谷菊之介; 菲魯茲藍; 坂田將吾; 楠木燈; 上田麗奈,31794_劇場版『鏈鋸人 蕾潔篇』.csv,2025/11/3 11:04
31796,傲嬌公主的奇幻冒險,1,FALSE,2025/9/20,2025/9/15,2025/9/15,2025/10/26,42,6,6,788439,3218,245.01,上映中,0,0,0,0,,131406.5,536.33,16.83,2.6,4.443,1.161,-0.666,衰退,需行動,131406.5,D,-0.942,9.72,-3.113456238,-0.3,4,2,FALSE,375702,2025-09-22~2025-09-28,35,傲嬌公主的奇幻冒險,The Proud Princess,捷克,普遍級,2025/9/20,希望影視行銷股份有限公司,,拉德克貝蘭; 大衛利西,安娜菲亞洛娃; 珍娜斯沃博多瓦; 阿列什普羅哈茲卡,31796_傲嬌公主的奇幻冒險.csv,2025/11/3 11:04
31797,一戰再戰,1,FALSE,2025/9/25,2025/9/22,2025/9/22,2025/11/2,42,6,6,27789863,91001,305.38,上映中,0,0,0,0,,4631643.83,15166.83,71.67,-0.365,-0.436,-0.492,-0.783,衰退,需行動,2439313.4121276597,A,-0.86,9.08,1.2356529446501239,0.8175,5,3,FALSE,9353106,2025-09-22~2025-09-28,83,一戰再戰,One Battle After Another,美國,輔15級,2025/9/25,美商華納兄弟（遠東）股份有限公司台灣分公司,,保羅湯瑪斯安德森,瑞吉娜霍爾; 西恩潘; 班尼西歐岱托羅; 堤亞娜泰勒; 李奧納多狄卡皮歐; 雀絲英菲尼迪,31797_一戰再戰.csv,2025/11/3 11:04
31799,電影版 神奇柑仔店 錢天堂,1,FALSE,2025/9/26,2025/9/22,2025/9/22,2025/11/2,42,6,6,3368668,12961,259.91,上映中,0,0,0,0,,561444.67,2160.17,37.83,-0.451,-0.582,-0.683,-0.975,衰退,需行動,4661519.714814815,B,-0.981,9.93,1.068304671831367,0.7745,5,2,FALSE,1381388,2025-09-22~2025-09-28,67,電影版 神奇柑仔店 錢天堂,The Supernatural Sweet Shop The Movie,日本,普遍級,2025/9/26,車庫娛樂股份有限公司,,中田秀夫,上白石萌音; 天海祐希; 大橋和也; 伊原六花,31799_電影版 神奇柑仔店 錢天堂.csv,2025/11/3 11:04
31801,鬼祭,1,FALSE,2025/9/19,2025/9/15,2025/9/15,2025/10/19,35,5,5,930378,3542,262.67,下檔,0,0,0,0,,186075.6,708.4,18.2,-0.563,-0.721,-0.814,-0.744,衰退,需行動,301279.39999999997,C,-0.977,9.89,0.7829988880526602,0.7185,4,2,FALSE,519717,2025-09-15~2025-09-21,35,鬼祭,Pabrik Gula,印尼,輔15級,2025/9/19,采昌國際多媒體股份有限公司,,艾文蘇亞迪,貝尼迪克特斯西雷加爾; 阿里夫阿爾菲安西亞; 埃爾西亞奧雷利亞; 阿爾巴尼亞西茲,31801_鬼祭.csv,2025/11/3 11:04
31805,阿蒙怎麼了？,1,FALSE,2025/9/19,2025/9/15,2025/9/15,2025/10/12,28,4,4,100968,446,226.39,下檔,0,0,0,0,,25242,111.5,8,-0.441,-0.61,-0.761,-0.975,衰退,需行動,794486.165,E,-0.992,9.9,0.8996757930506619,0.7795,3,2,FALSE,46103,2025-09-15~2025-09-21,13,阿蒙怎麼了？,Armand,挪威,輔12級,2025/9/19,好威映象有限公司,,哈爾夫登烏曼通德爾,艾倫多莉彼得森; 蕾娜特萊茵斯薇; 恩卓海勒斯魏特; 西婭蘭布雷希茨沃倫; 奧伊斯坦羅格,31805_阿蒙怎麼了？.csv,2025/11/3 11:04
31807,泥娃娃,1,FALSE,2025/10/9,2025/10/6,2025/10/6,2025/11/2,28,4,4,79319351,289386,274.1,上映中,0,0,0,0,,19829837.75,72346.5,90.5,15.432,-0.295,-0.443,-0.788,衰退,需行動,3483269.161,A,-0.84,8.13,-23.22740795,-6.716,2,3,FALSE,29107538,2025-10-13~2025-10-19,91,泥娃娃,Mudborn,中華民國,輔15級,2025/10/9,威視股份有限公司,,解孟儒,郭雪芙; 蔡思韵; 張軒睿; 楊祐寧,31807_泥娃娃.csv,2025/11/3 11:04
31808,夢想巨無霸,1,FALSE,2025/10/3,2025/9/29,2025/9/29,2025/11/2,35,5,5,2382443,9461,251.82,上映中,0,0,0,0,,476488.6,1892.2,32,-0.286,-0.401,-0.42,-0.968,衰退,需行動,301279.39999999997,C,-0.975,9.84,1.2793162610288311,0.857,3,2,FALSE,1011496,2025-10-06~2025-10-12,42,夢想巨無霸,Jumbo,印尼,普遍級,2025/10/3,采昌國際多媒體股份有限公司,,瑞安阿德里安迪,葛拉西艾拉艾比蓋兒; 尤素夫奧茲坎; 普林斯波艾提雷; 奎因薩爾曼,31808_夢想巨無霸.csv,2025/11/3 11:04
31809,疾速營救,1,FALSE,2025/9/26,2025/9/22,2025/9/22,2025/10/26,35,5,5,1201846,4955,242.55,上映中,0,0,0,0,,240369.2,991,27,-0.431,-0.611,-0.81,-0.243,衰退,需行動,2439313.4121276597,C,-0.962,9.87,1.019511137990763,0.7845,4,2,FALSE,590340,2025-09-22~2025-09-28,48,疾速營救,Stolen Girl,美國,輔12級,2025/9/26,英屬維京群島商高捷全球開發有限公司 台灣分公司,,詹姆斯肯特,史考特伊斯威特; 凱特貝琴薩,31809_疾速營救.csv,2025/11/3 11:04
31810,十年,1,FALSE,2025/10/10,2025/10/6,2025/10/6,2025/10/26,21,3,2,73393,286,256.62,上映中,0,0,0,0,,36696.5,143,5.5,0,-0.83,0,0,穩定,正常,1046015.47,E,0,0,1.3862943611198906,0.8333333333333333,1,1,FALSE,52580,2025-10-06~2025-10-12,9,十年,TEN YEARS,香港,輔12級,2025/10/10,佳映娛樂國際股份有限公司,,,,31810_十年.csv,2025/11/3 11:04
31835,沒好婚姻,1,FALSE,2025/9/26,2025/9/22,2025/9/22,2025/11/2,42,6,6,2959413,10982,269.48,上映中,0,0,0,0,,493235.5,1830.33,24.83,-0.377,-0.437,-0.563,-0.795,衰退,需行動,2439313.4121276597,B,-0.903,9.43,1.212302023,0.8115,4,2,FALSE,1215205,2025-09-29~2025-10-05,40,沒好婚姻,The Roses,美國,輔15級,2025/9/26,台灣華特迪士尼股份有限公司,,傑洛奇,安迪山伯格; 愛莉森珍妮; 班尼迪克康柏拜區; 凱特麥金儂; 蘇尼塔馬尼; 奧莉薇雅柯爾曼,31835_沒好婚姻.csv,2025/11/3 11:04
31836,8號出口,1,FALSE,2025/9/19,2025/9/15,2025/9/15,2025/11/2,49,7,7,11364853,39172,290.13,上映中,0,0,0,0,,1623550.43,5596,37,-0.429,-0.608,-0.505,-0.86,衰退,需行動,4661519.714814815,B,-0.929,9.52,1.187361120299186,0.7855,6,3,FALSE,3919140,2025-09-15~2025-09-21,57,8號出口,Exit 8,日本,保護級,2025/9/19,壹壹喜喜電影股份有限公司,,川村元氣,二宮和也; 小松菜奈,31836_8號出口.csv,2025/11/3 11:04
31842,蓋比的娃娃屋大電影,1,FALSE,2025/10/3,2025/9/29,2025/9/29,2025/11/2,35,5,5,2413153,8943,269.84,上映中,0,0,0,0,,482630.6,1788.6,52.8,-0.338,-0.34,-0.537,-0.962,衰退,需行動,2439313.4121276597,C,-0.98,9.91,1.1861447686289723,0.831,3,2,FALSE,1228374,2025-10-06~2025-10-12,75,蓋比的娃娃屋大電影,GABBY'S DOLLHOUSE: THE MOVIE,美國,普遍級,2025/10/3,美商美國環球影片股份有限公司台灣分公司,,萊恩克雷戈,瑪吉洛; 茱莉葉多南費爾德; 多諾萬巴頓; 克莉絲汀薇格; 艾德華度法蘭科; 萊拉洛克哈特克雷納,31842_蓋比的娃娃屋大電影.csv,2025/11/3 11:04
31863,他年她日,1,FALSE,2025/9/29,2025/9/29,2025/9/29,2025/11/2,35,5,5,10523797,38934,270.3,上映中,0,0,0,0,,2104759.4,7786.8,82,-0.477,-0.297,-0.535,-0.783,衰退,需行動,1046015.47,B,-0.909,9.46,0.9370902024062728,0.7615000000000001,4,2,FALSE,5279145,2025-09-29~2025-10-05,98,他年她日,MEASURE IN LOVE,香港,保護級,2025/9/29,香港商甲上娛樂有限公司台灣分公司,,龔兆平,陳澤耀; 許光漢; 袁澧林,31863_他年她日.csv,2025/11/3 11:04
31900,一百公尺。,1,FALSE,2025/10/3,2025/9/29,2025/9/29,2025/11/2,35,5,5,10891796,38224,284.95,上映中,0,0,0,0,,2178359.2,7644.8,62.4,-0.113,-0.235,-0.257,-0.815,衰退,需行動,4661519.714814815,B,-0.873,8.72,1.5892906492052847,0.9435,3,4,FALSE,3672540,2025-10-06~2025-10-12,69,一百公尺。,100 METERS,日本,普遍級,2025/10/3,車庫娛樂股份有限公司,,岩井澤健治,松坂桃李; 染谷將太,31900_一百公尺。.csv,2025/11/3 11:04
31904,陰陽眼見子,1,FALSE,2025/9/30,2025/9/29,2025/9/29,2025/11/2,35,5,5,292259,1163,251.3,上映中,0,0,0,0,,58451.8,232.6,10.6,-0.573,-0.46,-0.696,-0.868,衰退,需行動,4661519.714814815,D,-0.968,9.89,0.7650812933603796,0.7135,4,2,FALSE,168618,2025-09-29~2025-10-05,20,陰陽眼見子,THE GIRL WHO SEES,日本,保護級,2025/9/30,天馬行空數位有限公司,,中村義洋,久間田琳加; 奈葉; 原菜乃華,31904_陰陽眼見子.csv,2025/11/3 11:04
32087,碰碰狐和貝貝彬歡唱電影：奇幻世界大冒險(國語版),1,FALSE,2025/10/4,2025/9/29,2025/9/29,2025/11/2,35,5,5,8452468,31502,268.32,上映中,0,0,0,0,,1690493.6,6300.4,37.2,8.796,12.308,3.88,-0.929,衰退,需行動,1374924.815,B,-0.948,9.54,-13.96855682,-3.398,3,2,FALSE,4036149,2025-10-06~2025-10-12,48,碰碰狐和貝貝彬歡唱電影：奇幻世界大冒險(國語版),Bebefinn Sing-Along Movie: Into the Pinkfong World,韓國,普遍級,2025/10/4,香港商甲上娛樂有限公司台灣分公司,,,,32087_碰碰狐和貝貝彬歡唱電影：奇幻世界大冒險(國語版).csv,2025/11/3 11:04
32098,藤本樹17-26：PART 1,1,FALSE,2025/10/13,2025/10/13,2025/10/13,2025/11/2,21,3,3,4392556,15311,286.89,上映中,0,0,0,0,,1464185.33,5103.67,20,-0.189,0.074,-0.283,-0.64,衰退,正常,4661519.714814815,B,-0.613,0,1.1242847268682312,0.9055,1,2,FALSE,1916841,2025-10-20~2025-10-26,20,藤本樹17-26：PART 1,Tatsuki Fujimoto 17‐21,日本,輔12級,2025/10/13,采昌國際多媒體股份有限公司,,,,32098_藤本樹17-26：PART 1.csv,2025/11/3 11:04
32099,創：戰神,1,FALSE,2025/10/8,2025/10/6,2025/10/6,2025/11/2,28,4,4,37581810,116771,321.84,上映中,0,0,0,0,,9395452.5,29192.75,93.75,-0.417,-0.605,-0.609,-0.785,衰退,需行動,2439313.4121276597,A,-0.878,8.92,0.9383023029490805,0.7915,3,2,FALSE,19442221,2025-10-06~2025-10-12,95,創：戰神,Tron: Ares,美國,保護級,2025/10/8,台灣華特迪士尼股份有限公司,,喬奇姆羅寧,吉蓮安德森; 傑瑞德雷托; 伊凡彼得斯; 茱蒂透納史密斯; 葛麗塔李; 傑夫布里吉,32099_創：戰神.csv,2025/11/3 11:04
32103,狼來了,1,FALSE,2025/10/9,2025/10/6,2025/10/6,2025/11/2,28,4,4,465913,1919,242.79,上映中,0,0,0,0,,116478.25,479.75,33.5,-0.592,-0.72,-0.859,-0.913,衰退,需行動,2439313.4121276597,D,-0.995,9.95,0.6566506682731129,0.704,3,1,FALSE,306617,2025-10-06~2025-10-12,62,狼來了,COYOTES,美國,輔15級,2025/10/9,車庫娛樂股份有限公司,,科林米尼漢,賈斯汀隆; 凱特柏絲沃,32103_狼來了.csv,2025/11/3 11:04
32111,徵人啟弒,1,FALSE,2025/10/9,2025/10/6,2025/10/6,2025/11/2,28,4,4,6408005,24601,260.48,上映中,0,0,0,0,,1602001.25,6150.25,65.5,-0.417,-0.631,-0.649,-0.762,衰退,需行動,1374924.815,B,-0.894,8.93,0.9383023029490805,0.7915,3,2,FALSE,3200102,2025-10-06~2025-10-12,72,徵人啟弒,NO Other Choice,韓國,輔15級,2025/10/9,英屬維京群島商高捷全球開發有限公司 台灣分公司,,朴贊郁,車勝元; 李星民; 朴喜洵; 孫藝真; 廉惠蘭; 李炳憲,32111_徵人啟弒.csv,2025/11/3 11:04
32112,風林火山,1,FALSE,2025/10/9,2025/10/6,2025/10/6,2025/11/2,28,4,4,11257555,42725,263.49,上映中,0,0,0,0,,2814388.75,10681.25,80.5,-0.409,-0.634,-0.637,-0.764,衰退,需行動,1046015.47,B,-0.885,8.87,0.9511778062485532,0.7955,3,2,FALSE,5558047,2025-10-06~2025-10-12,83,風林火山,Sons of the Neon Night,香港,限制級,2025/10/9,壹壹喜喜電影股份有限公司,,麥浚龍,梁家輝; 劉青雲; 高圓圓; 古天樂; 金城武,32112_風林火山.csv,2025/11/3 11:04
32114,藤本樹17-26：PART 2,1,FALSE,2025/10/13,2025/10/13,2025/10/13,2025/11/2,21,3,3,4287813,14722,291.25,上映中,0,0,0,0,,1429271,4907.33,20,-0.064,0.4,-0.096,-0.592,衰退,正常,4661519.714814815,B,-0.43,0,1.2975715220082176,0.968,1,2,FALSE,2020737,2025-10-20~2025-10-26,20,藤本樹17-26：PART 2,Tatsuki Fujimoto 22-26,日本,輔12級,2025/10/13,采昌國際多媒體股份有限公司,,,,32114_藤本樹17-26：PART 2.csv,2025/11/3 11:04
32116,銀魂劇場版 2D 真選組動亂篇,1,FALSE,2025/10/9,2025/10/6,2025/10/6,2025/11/2,28,4,4,1675738,5518,303.69,上映中,0,0,0,0,,418934.5,1379.5,9.5,-0.505,-0.739,-0.738,-0.87,衰退,需行動,4661519.714814815,C,-0.949,9.57,0.7966717666548796,0.7475,3,1,FALSE,1009490,2025-10-06~2025-10-12,10,銀魂劇場版 2D 真選組動亂篇,GINTAMA ON THEATER 2D Shinsen-Gumi Doukan Arc,日本,保護級,2025/10/9,薩摩亞商羚邦(亞洲)有限公司台灣分公司,,,,32116_銀魂劇場版 2D 真選組動亂篇.csv,2025/11/3 11:04
8873,橫山家之味,1,FALSE,2018/6/8,2018/6/4,2018/6/4,2018/7/1,28,4,4,226255,1090,207.57,下檔,0,0,0,0,,56563.75,272.5,1.75,-0.387,-0.65,-0.672,-0.746,衰退,需行動,4661519.714814815,D,-0.904,8.89,0.9865854403221035,0.8065,3,2,FALSE,102590,2018-06-04~2018-06-10,2,橫山家之味,STILL WALKING,日本,普遍級,2018/6/8,傳影互動股份有限公司,,是枝裕和,阿部寬; 夏川結衣; 樹木希林; 寺島進,8873_橫山家之味.csv,2025/11/3 11:04
8878,無人知曉的夏日清晨,1,FALSE,2018/6/8,2018/6/4,2018/6/4,2018/6/24,21,3,3,335230,1575,212.84,下檔,0,0,0,0,,111743.33,525,2,-0.232,-0.547,-0.649,-0.751,衰退,正常,4661519.714814815,D,-0.737,0,1.064674069340076,0.884,1,2,FALSE,152730,2018-06-11~2018-06-17,2,無人知曉的夏日清晨,NOBODY KNOWS,日本,輔12級,2018/6/8,傳影互動股份有限公司,,是枝裕和,柳樂優彌; 木村飛影; 北浦愛; 清水萌萌子; 韓英惠; YOU,8878_無人知曉的夏日清晨.csv,2025/11/3 11:04
9161,宿怨,3,TRUE,2018/6/13,2018/6/11,2025/9/15,2025/10/12,28,4,4,846855,2935,288.54,下檔,2,26443700,2535,1887508.44,,211713.75,733.75,15.25,-0.382,0.284,-0.51,-0.937,衰退,需行動,2439313.4121276597,C,-0.992,9.88,0.9946326298842739,0.8089999999999999,2,2,FALSE,443232,2025-09-22~2025-09-28,22,宿怨,HEREDITARY,美國,輔15級,2018/6/13,傳影互動股份有限公司,,亞瑞阿斯特,東妮克莉蒂; 蓋布瑞拜恩; 艾力克斯沃爾夫; 米莉夏皮羅; 安道得; Mallory Bechtel; Zachary Arthur; Mark Blockovich; Jake Brown; Gabriel Monroe Eckert; John Forker; Gerry Garcia; Austin R. Grant; Rachelle Hardy; Brock McKinney,9161_宿怨.csv,2025/11/3 11:04
