current_week_active_idx,gap_real_week_2to1,gap_real_week_1tocurrent,boxoffice_week_2,boxoffice_week_1,audience_week_2,audience_week_1,screens_week_2,screens_week_1,open_week1_days,open_week1_boxoffice,open_week1_boxoffice_daily_avg,open_week2_boxoffice,amount,film_length_x,is_restricted,release_month_sin,release_month_cos,region,film_length_y
3,0,0,890052,959929,3980,4255,19,19,3,890052,296684,959929,360104,146,1,-0.5,-0.866025404,美國,146
4,0,0,959929,360104,4255,1621,19,13,3,890052,296684,959929,167345,146,1,-0.5,-0.866025404,美國,146
5,0,0,360104,167345,1621,751,13,8,3,890052,296684,959929,63720,146,1,-0.5,-0.866025404,美國,146
6,0,0,167345,63720,751,288,8,2,3,890052,296684,959929,11960,146,1,-0.5,-0.866025404,美國,146
3,0,0,280921,273917,1236,1205,15,15,4,280921,70230.25,273917,130775,118,0,-0.866025404,0.5,香港,118
4,0,0,273917,130775,1205,560,15,14,4,280921,70230.25,273917,68680,118,0,-0.866025404,0.5,香港,118
5,0,0,130775,68680,560,286,14,6,4,280921,70230.25,273917,57405,118,0,-0.866025404,0.5,香港,118
6,0,0,68680,57405,286,246,6,5,4,280921,70230.25,273917,46600,118,0,-0.866025404,0.5,香港,118
7,0,0,57405,46600,246,198,5,4,4,280921,70230.25,273917,53270,118,0,-0.866025404,0.5,香港,118
8,0,0,46600,53270,198,230,4,4,4,280921,70230.25,273917,26955,118,0,-0.866025404,0.5,香港,118
9,0,0,53270,26955,230,129,4,4,4,280921,70230.25,273917,3740,118,0,-0.866025404,0.5,香港,118
10,0,0,26955,3740,129,24,4,2,4,280921,70230.25,273917,1350,118,0,-0.866025404,0.5,香港,118
3,0,0,1627162,1135447,6726,4720,55,56,6,1627162,271193.6667,1135447,415865,100,1,0.5,-0.866025404,英國,100
4,0,0,1135447,415865,4720,1767,56,56,6,1627162,271193.6667,1135447,119751,100,1,0.5,-0.866025404,英國,100
5,0,0,415865,119751,1767,510,56,21,6,1627162,271193.6667,1135447,28667,100,1,0.5,-0.866025404,英國,100
6,0,0,119751,28667,510,121,21,6,6,1627162,271193.6667,1135447,5575,100,1,0.5,-0.866025404,英國,100
3,0,0,1075634,1106268,4415,4542,83,83,3,1075634,358544.6667,1106268,259383,94,0,-0.866025404,-0.5,美國,94
4,0,0,1106268,259383,4542,1057,83,75,3,1075634,358544.6667,1106268,35530,94,0,-0.866025404,-0.5,美國,94
5,0,0,259383,35530,1057,142,75,45,3,1075634,358544.6667,1106268,1055,94,0,-0.866025404,-0.5,美國,94
3,0,0,155414929,169116379,486814,516534,100,100,5,155414929,31082985.8,169116379,140351478,192,0,-2.45E-16,1,美國,192
4,0,0,169116379,140351478,516534,420662,100,100,5,155414929,31082985.8,169116379,84817996,192,0,-2.45E-16,1,美國,192
5,0,0,140351478,84817996,420662,247421,100,100,5,155414929,31082985.8,169116379,44379087,192,0,-2.45E-16,1,美國,192
6,0,0,84817996,44379087,247421,127064,100,101,5,155414929,31082985.8,169116379,38917959,192,0,-2.45E-16,1,美國,192
7,0,0,44379087,38917959,127064,110937,101,99,5,155414929,31082985.8,169116379,67346401,192,0,-2.45E-16,1,美國,192
8,0,0,38917959,67346401,110937,192094,99,97,5,155414929,31082985.8,169116379,20028748,192,0,-2.45E-16,1,美國,192
9,0,0,67346401,20028748,192094,56845,97,97,5,155414929,31082985.8,169116379,13146440,192,0,-2.45E-16,1,美國,192
10,0,0,20028748,13146440,56845,36884,97,96,5,155414929,31082985.8,169116379,4979756,192,0,-2.45E-16,1,美國,192
11,0,0,13146440,4979756,36884,14684,96,89,5,155414929,31082985.8,169116379,2683409,192,0,-2.45E-16,1,美國,192
12,0,0,4979756,2683409,14684,8095,89,72,5,155414929,31082985.8,169116379,2547895,192,0,-2.45E-16,1,美國,192
13,0,0,2683409,2547895,8095,7520,72,59,5,155414929,31082985.8,169116379,692803,192,0,-2.45E-16,1,美國,192
14,0,0,2547895,692803,7520,2016,59,48,5,155414929,31082985.8,169116379,236495,192,0,-2.45E-16,1,美國,192
15,0,0,692803,236495,2016,719,48,29,5,155414929,31082985.8,169116379,64560,192,0,-2.45E-16,1,美國,192
3,1,0,50445,549690,227,2361,1,16,5,50445,10089,549690,1462053,101,0,0.5,0.866025404,英國,101
4,0,0,549690,1462053,2361,6160,16,16,5,50445,10089,549690,1139755,101,0,0.5,0.866025404,英國,101
5,0,0,1462053,1139755,6160,4754,16,14,5,50445,10089,549690,988318,101,0,0.5,0.866025404,英國,101
6,0,0,1139755,988318,4754,4065,14,14,5,50445,10089,549690,546563,101,0,0.5,0.866025404,英國,101
7,0,0,988318,546563,4065,2061,14,13,5,50445,10089,549690,262845,101,0,0.5,0.866025404,英國,101
8,0,0,546563,262845,2061,1089,13,12,5,50445,10089,549690,155110,101,0,0.5,0.866025404,英國,101
9,0,0,262845,155110,1089,662,12,9,5,50445,10089,549690,96520,101,0,0.5,0.866025404,英國,101
10,0,0,155110,96520,662,403,9,8,5,50445,10089,549690,57020,101,0,0.5,0.866025404,英國,101
11,0,0,96520,57020,403,228,8,2,5,50445,10089,549690,11180,101,0,0.5,0.866025404,英國,101
12,0,2,57020,11180,228,45,2,1,5,50445,10089,549690,1035,101,0,0.5,0.866025404,英國,101
13,2,2,11180,1035,45,5,1,1,5,50445,10089,549690,2490,101,0,0.5,0.866025404,英國,101
3,0,0,1332497,2904283,5336,11754,54,52,4,1332497,333124.25,2904283,1816367,116,0,0.866025404,0.5,美國,116
4,0,0,2904283,1816367,11754,7278,52,52,4,1332497,333124.25,2904283,1160717,116,0,0.866025404,0.5,美國,116
5,0,0,1816367,1160717,7278,4660,52,52,4,1332497,333124.25,2904283,977851,116,0,0.866025404,0.5,美國,116
6,0,0,1160717,977851,4660,3921,52,41,4,1332497,333124.25,2904283,395575,116,0,0.866025404,0.5,美國,116
7,0,0,977851,395575,3921,1640,41,38,4,1332497,333124.25,2904283,1177072,116,0,0.866025404,0.5,美國,116
8,0,0,395575,1177072,1640,4706,38,42,4,1332497,333124.25,2904283,541984,116,0,0.866025404,0.5,美國,116
9,0,0,1177072,541984,4706,2215,42,41,4,1332497,333124.25,2904283,221275,116,0,0.866025404,0.5,美國,116
10,0,0,541984,221275,2215,908,41,28,4,1332497,333124.25,2904283,113506,116,0,0.866025404,0.5,美國,116
11,0,0,221275,113506,908,447,28,11,4,1332497,333124.25,2904283,25076,116,0,0.866025404,0.5,美國,116
12,0,0,113506,25076,447,103,11,5,4,1332497,333124.25,2904283,16236,116,0,0.866025404,0.5,美國,116
13,0,0,25076,16236,103,64,5,4,4,1332497,333124.25,2904283,11250,116,0,0.866025404,0.5,美國,116
14,0,0,16236,11250,64,43,4,2,4,1332497,333124.25,2904283,5042,116,0,0.866025404,0.5,美國,116
15,0,0,11250,5042,43,19,2,2,4,1332497,333124.25,2904283,540,116,0,0.866025404,0.5,美國,116
3,0,0,607138,677741,2236,2544,74,73,3,607138,202379.3333,677741,251624,179,1,0.866025404,-0.5,美國,179
4,0,0,677741,251624,2544,953,73,60,3,607138,202379.3333,677741,74804,179,1,0.866025404,-0.5,美國,179
5,0,0,251624,74804,953,290,60,16,3,607138,202379.3333,677741,27515,179,1,0.866025404,-0.5,美國,179
6,0,0,74804,27515,290,107,16,6,3,607138,202379.3333,677741,14195,179,1,0.866025404,-0.5,美國,179
7,0,0,27515,14195,107,54,6,2,3,607138,202379.3333,677741,610,179,1,0.866025404,-0.5,美國,179
3,0,0,105158,177625,457,728,8,8,3,105158,35052.66667,177625,81850,172,0,0.866025404,-0.5,日本,172
4,0,0,177625,81850,728,329,8,6,3,105158,35052.66667,177625,16450,172,0,0.866025404,-0.5,日本,172
5,0,0,81850,16450,329,65,6,4,3,105158,35052.66667,177625,12650,172,0,0.866025404,-0.5,日本,172
6,0,0,16450,12650,65,52,4,4,3,105158,35052.66667,177625,2400,172,0,0.866025404,-0.5,日本,172
7,0,0,12650,2400,52,10,4,3,3,105158,35052.66667,177625,2500,172,0,0.866025404,-0.5,日本,172
3,0,0,624330,1853892,2496,7443,61,62,3,624330,208110,1853892,2767891,105,0,-0.5,-0.866025404,美國,105
4,0,0,1853892,2767891,7443,11143,62,62,3,624330,208110,1853892,1343836,105,0,-0.5,-0.866025404,美國,105
5,0,0,2767891,1343836,11143,5301,62,52,3,624330,208110,1853892,718687,105,0,-0.5,-0.866025404,美國,105
6,0,0,1343836,718687,5301,2847,52,17,3,624330,208110,1853892,467377,105,0,-0.5,-0.866025404,美國,105
7,0,0,718687,467377,2847,1793,17,14,3,624330,208110,1853892,251618,105,0,-0.5,-0.866025404,美國,105
8,0,0,467377,251618,1793,931,14,12,3,624330,208110,1853892,150288,105,0,-0.5,-0.866025404,美國,105
9,0,0,251618,150288,931,580,12,9,3,624330,208110,1853892,63285,105,0,-0.5,-0.866025404,美國,105
10,0,0,150288,63285,580,244,9,7,3,624330,208110,1853892,30050,105,0,-0.5,-0.866025404,美國,105
11,0,0,63285,30050,244,116,7,5,3,624330,208110,1853892,21284,105,0,-0.5,-0.866025404,美國,105
12,0,0,30050,21284,116,86,5,4,3,624330,208110,1853892,16481,105,0,-0.5,-0.866025404,美國,105
3,0,0,2631310,2998804,10462,11965,74,74,3,2631310,877103.3333,2998804,1110413,94,0,-0.866025404,-0.5,英國,94
4,0,0,2998804,1110413,11965,4420,74,69,3,2631310,877103.3333,2998804,273751,94,0,-0.866025404,-0.5,英國,94
5,0,0,1110413,273751,4420,1082,69,36,3,2631310,877103.3333,2998804,68011,94,0,-0.866025404,-0.5,英國,94
6,0,0,273751,68011,1082,268,36,12,3,2631310,877103.3333,2998804,22649,94,0,-0.866025404,-0.5,英國,94
7,0,0,68011,22649,268,88,12,3,3,2631310,877103.3333,2998804,14000,94,0,-0.866025404,-0.5,英國,94
8,0,0,22649,14000,88,56,3,3,3,2631310,877103.3333,2998804,3430,94,0,-0.866025404,-0.5,英國,94
3,0,0,1113943,1197989,4582,4908,67,67,7,1113943,159134.7143,1197989,260305,101,0,-2.45E-16,1,美國,101
4,0,0,1197989,260305,4908,1056,67,64,7,1113943,159134.7143,1197989,107609,101,0,-2.45E-16,1,美國,101
5,0,0,260305,107609,1056,429,64,15,7,1113943,159134.7143,1197989,40155,101,0,-2.45E-16,1,美國,101
6,0,0,107609,40155,429,154,15,5,7,1113943,159134.7143,1197989,16940,101,0,-2.45E-16,1,美國,101
7,0,0,40155,16940,154,69,5,4,7,1113943,159134.7143,1197989,6425,101,0,-2.45E-16,1,美國,101
3,0,0,14935288,14248342,57594,54538,98,98,5,14935288,2987057.6,14248342,11202664,110,0,-0.866025404,-0.5,中華民國,110
4,0,0,14248342,11202664,54538,42612,98,99,5,14935288,2987057.6,14248342,8285263,110,0,-0.866025404,-0.5,中華民國,110
5,0,0,11202664,8285263,42612,31371,99,96,5,14935288,2987057.6,14248342,4544207,110,0,-0.866025404,-0.5,中華民國,110
6,0,0,8285263,4544207,31371,17310,96,90,5,14935288,2987057.6,14248342,2407612,110,0,-0.866025404,-0.5,中華民國,110
7,0,0,4544207,2407612,17310,9159,90,90,5,14935288,2987057.6,14248342,2114145,110,0,-0.866025404,-0.5,中華民國,110
8,0,0,2407612,2114145,9159,7953,90,83,5,14935288,2987057.6,14248342,991911,110,0,-0.866025404,-0.5,中華民國,110
9,0,0,2114145,991911,7953,3767,83,65,5,14935288,2987057.6,14248342,592703,110,0,-0.866025404,-0.5,中華民國,110
10,0,0,991911,592703,3767,2244,65,48,5,14935288,2987057.6,14248342,360894,110,0,-0.866025404,-0.5,中華民國,110
11,0,0,592703,360894,2244,1342,48,28,5,14935288,2987057.6,14248342,139874,110,0,-0.866025404,-0.5,中華民國,110
12,0,0,360894,139874,1342,532,28,23,5,14935288,2987057.6,14248342,55055,110,0,-0.866025404,-0.5,中華民國,110
13,0,0,139874,55055,532,202,23,12,5,14935288,2987057.6,14248342,117620,110,0,-0.866025404,-0.5,中華民國,110
14,0,0,55055,117620,202,414,12,7,5,14935288,2987057.6,14248342,24065,110,0,-0.866025404,-0.5,中華民國,110
15,0,0,117620,24065,414,94,7,4,5,14935288,2987057.6,14248342,226768,110,0,-0.866025404,-0.5,中華民國,110
16,0,0,24065,226768,94,853,4,38,5,14935288,2987057.6,14248342,230241,110,0,-0.866025404,-0.5,中華民國,110
17,0,0,226768,230241,853,880,38,38,5,14935288,2987057.6,14248342,396195,110,0,-0.866025404,-0.5,中華民國,110
18,0,0,230241,396195,880,1359,38,38,5,14935288,2987057.6,14248342,58436,110,0,-0.866025404,-0.5,中華民國,110
19,0,0,396195,58436,1359,227,38,14,5,14935288,2987057.6,14248342,18533,110,0,-0.866025404,-0.5,中華民國,110
20,0,0,58436,18533,227,74,14,7,5,14935288,2987057.6,14248342,25740,110,0,-0.866025404,-0.5,中華民國,110
21,0,1,18533,25740,74,111,7,2,5,14935288,2987057.6,14248342,4600,110,0,-0.866025404,-0.5,中華民國,110
22,1,0,25740,4600,111,20,2,1,5,14935288,2987057.6,14248342,10920,110,0,-0.866025404,-0.5,中華民國,110
23,0,1,4600,10920,20,52,1,1,5,14935288,2987057.6,14248342,17175,110,0,-0.866025404,-0.5,中華民國,110
24,1,0,10920,17175,52,175,1,2,5,14935288,2987057.6,14248342,43200,110,0,-0.866025404,-0.5,中華民國,110
25,0,0,17175,43200,175,436,2,2,5,14935288,2987057.6,14248342,29930,110,0,-0.866025404,-0.5,中華民國,110
26,0,0,43200,29930,436,300,2,2,5,14935288,2987057.6,14248342,20360,110,0,-0.866025404,-0.5,中華民國,110
27,0,0,29930,20360,300,208,2,2,5,14935288,2987057.6,14248342,6375,110,0,-0.866025404,-0.5,中華民國,110
28,0,0,20360,6375,208,85,2,1,5,14935288,2987057.6,14248342,6225,110,0,-0.866025404,-0.5,中華民國,110
29,0,0,6375,6225,85,83,1,1,5,14935288,2987057.6,14248342,1575,110,0,-0.866025404,-0.5,中華民國,110
3,0,0,8591,23399,33,83,1,2,7,8591,1227.285714,23399,25770,93,0,0.5,0.866025404,日本,93
4,0,2,23399,25770,83,107,2,1,7,8591,1227.285714,23399,47700,93,0,0.5,0.866025404,日本,93
3,0,0,351900,243296,1524,1029,63,63,3,351900,117300,243296,28117,112,0,0.5,0.866025404,美國,112
4,0,0,243296,28117,1029,113,63,24,3,351900,117300,243296,4633,112,0,0.5,0.866025404,美國,112
5,0,0,28117,4633,113,18,24,4,3,351900,117300,243296,1465,112,0,0.5,0.866025404,美國,112
6,0,0,4633,1465,18,6,4,3,3,351900,117300,243296,630,112,0,0.5,0.866025404,美國,112
3,0,0,837651,1033328,3337,4079,61,61,3,837651,279217,1033328,514666,104,0,0.866025404,0.5,英國,104
4,0,0,1033328,514666,4079,2035,61,57,3,837651,279217,1033328,450608,104,0,0.866025404,0.5,英國,104
5,0,0,514666,450608,2035,1780,57,47,3,837651,279217,1033328,176715,104,0,0.866025404,0.5,英國,104
6,0,0,450608,176715,1780,715,47,26,3,837651,279217,1033328,90257,104,0,0.866025404,0.5,英國,104
7,0,0,176715,90257,715,343,26,14,3,837651,279217,1033328,52701,104,0,0.866025404,0.5,英國,104
8,0,0,90257,52701,343,210,14,6,3,837651,279217,1033328,21195,104,0,0.866025404,0.5,英國,104
9,0,0,52701,21195,210,83,6,4,3,837651,279217,1033328,8810,104,0,0.866025404,0.5,英國,104
10,0,0,21195,8810,83,36,4,2,3,837651,279217,1033328,1180,104,0,0.866025404,0.5,英國,104
3,0,0,418336,176461,1400,726,14,14,3,418336,139445.3333,176461,132957,102,0,-0.866025404,0.5,中華民國,102
4,0,0,176461,132957,726,546,14,14,3,418336,139445.3333,176461,7234,102,0,-0.866025404,0.5,中華民國,102
5,0,0,132957,7234,546,27,14,2,3,418336,139445.3333,176461,14290,102,0,-0.866025404,0.5,中華民國,102
3,0,0,12045535,5694457,46411,22337,90,90,7,12045535,1720790.714,5694457,2938901,108,0,0.866025404,-0.5,美國,108
4,0,0,5694457,2938901,22337,11470,90,90,7,12045535,1720790.714,5694457,1166931,108,0,0.866025404,-0.5,美國,108
5,0,0,2938901,1166931,11470,4519,90,84,7,12045535,1720790.714,5694457,503971,108,0,0.866025404,-0.5,美國,108
6,0,0,1166931,503971,4519,1953,84,63,7,12045535,1720790.714,5694457,120916,108,0,0.866025404,-0.5,美國,108
7,0,0,503971,120916,1953,460,63,26,7,12045535,1720790.714,5694457,71154,108,0,0.866025404,-0.5,美國,108
8,0,0,120916,71154,460,266,26,10,7,12045535,1720790.714,5694457,23255,108,0,0.866025404,-0.5,美國,108
9,0,0,71154,23255,266,87,10,4,7,12045535,1720790.714,5694457,5810,108,0,0.866025404,-0.5,美國,108
10,0,0,23255,5810,87,24,4,3,7,12045535,1720790.714,5694457,2820,108,0,0.866025404,-0.5,美國,108
3,0,0,16706756,38988567,61983,142420,92,94,3,16706756,5568918.667,38988567,39730790,118,0,-1,-1.84E-16,中華民國,118
4,0,0,38988567,39730790,142420,142615,94,94,3,16706756,5568918.667,38988567,33503815,118,0,-1,-1.84E-16,中華民國,118
5,0,0,39730790,33503815,142615,119823,94,94,3,16706756,5568918.667,38988567,25497646,118,0,-1,-1.84E-16,中華民國,118
6,0,0,33503815,25497646,119823,91670,94,94,3,16706756,5568918.667,38988567,20323715,118,0,-1,-1.84E-16,中華民國,118
7,0,0,25497646,20323715,91670,72716,94,93,3,16706756,5568918.667,38988567,10663191,118,0,-1,-1.84E-16,中華民國,118
8,0,0,20323715,10663191,72716,38217,93,91,3,16706756,5568918.667,38988567,9314047,118,0,-1,-1.84E-16,中華民國,118
9,0,0,10663191,9314047,38217,33377,91,91,3,16706756,5568918.667,38988567,4422028,118,0,-1,-1.84E-16,中華民國,118
3,0,0,1575798,2059465,5401,7154,41,41,4,1575798,393949.5,2059465,1141620,214,0,0.866025404,0.5,美國,214
4,0,0,2059465,1141620,7154,3944,41,41,4,1575798,393949.5,2059465,692234,214,0,0.866025404,0.5,美國,214
5,0,0,1141620,692234,3944,2444,41,30,4,1575798,393949.5,2059465,332841,214,0,0.866025404,0.5,美國,214
6,0,0,692234,332841,2444,1171,30,25,4,1575798,393949.5,2059465,215172,214,0,0.866025404,0.5,美國,214
7,0,0,332841,215172,1171,765,25,13,4,1575798,393949.5,2059465,101504,214,0,0.866025404,0.5,美國,214
8,0,0,215172,101504,765,362,13,8,4,1575798,393949.5,2059465,70840,214,0,0.866025404,0.5,美國,214
9,0,0,101504,70840,362,254,8,6,4,1575798,393949.5,2059465,57970,214,0,0.866025404,0.5,美國,214
10,0,0,70840,57970,254,210,6,5,4,1575798,393949.5,2059465,35460,214,0,0.866025404,0.5,美國,214
11,0,0,57970,35460,210,136,5,5,4,1575798,393949.5,2059465,36210,214,0,0.866025404,0.5,美國,214
12,0,0,35460,36210,136,140,5,2,4,1575798,393949.5,2059465,10710,214,0,0.866025404,0.5,美國,214
13,0,1,36210,10710,140,45,2,1,4,1575798,393949.5,2059465,10930,214,0,0.866025404,0.5,美國,214
3,0,0,2643087,3264678,9961,12711,66,66,3,2643087,881029,3264678,1522854,98,0,-1,-1.84E-16,中華民國,98
4,0,0,3264678,1522854,12711,5944,66,66,3,2643087,881029,3264678,1144142,98,0,-1,-1.84E-16,中華民國,98
5,0,0,1522854,1144142,5944,4456,66,53,3,2643087,881029,3264678,822684,98,0,-1,-1.84E-16,中華民國,98
6,0,0,1144142,822684,4456,3157,53,40,3,2643087,881029,3264678,385607,98,0,-1,-1.84E-16,中華民國,98
7,0,0,822684,385607,3157,1508,40,28,3,2643087,881029,3264678,118060,98,0,-1,-1.84E-16,中華民國,98
8,0,0,385607,118060,1508,480,28,22,3,2643087,881029,3264678,58535,98,0,-1,-1.84E-16,中華民國,98
3,0,0,1220588,796644,4654,3173,71,71,3,1220588,406862.6667,796644,330969,142,0,-1,-1.84E-16,中華民國,142
4,0,0,796644,330969,3173,1295,71,62,3,1220588,406862.6667,796644,57998,142,0,-1,-1.84E-16,中華民國,142
5,0,0,330969,57998,1295,218,62,9,3,1220588,406862.6667,796644,10350,142,0,-1,-1.84E-16,中華民國,142
6,0,0,57998,10350,218,40,9,2,3,1220588,406862.6667,796644,1680,142,0,-1,-1.84E-16,中華民國,142
7,0,0,10350,1680,40,7,2,1,3,1220588,406862.6667,796644,35110,142,0,-1,-1.84E-16,中華民國,142
3,0,0,1528547,1639381,6123,6438,78,78,3,1528547,509515.6667,1639381,579082,111,0,-0.5,0.866025404,美國,111
4,0,0,1639381,579082,6438,2277,78,77,3,1528547,509515.6667,1639381,151704,111,0,-0.5,0.866025404,美國,111
5,0,0,579082,151704,2277,613,77,39,3,1528547,509515.6667,1639381,45877,111,0,-0.5,0.866025404,美國,111
6,0,0,151704,45877,613,175,39,11,3,1528547,509515.6667,1639381,24646,111,0,-0.5,0.866025404,美國,111
7,0,0,45877,24646,175,84,11,2,3,1528547,509515.6667,1639381,6180,111,0,-0.5,0.866025404,美國,111
8,0,0,24646,6180,84,22,2,1,3,1528547,509515.6667,1639381,1360,111,0,-0.5,0.866025404,美國,111
3,0,0,21897163,23638904,78761,84647,81,84,3,21897163,7299054.333,23638904,20411492,144,0,0.5,0.866025404,日本,144
4,0,0,23638904,20411492,84647,72900,84,84,3,21897163,7299054.333,23638904,17039781,144,0,0.5,0.866025404,日本,144
5,0,0,20411492,17039781,72900,60947,84,86,3,21897163,7299054.333,23638904,10402219,144,0,0.5,0.866025404,日本,144
6,0,0,17039781,10402219,60947,36823,86,86,3,21897163,7299054.333,23638904,8061915,144,0,0.5,0.866025404,日本,144
7,0,0,10402219,8061915,36823,28858,86,85,3,21897163,7299054.333,23638904,5584329,144,0,0.5,0.866025404,日本,144
8,0,0,8061915,5584329,28858,20060,85,84,3,21897163,7299054.333,23638904,3034197,144,0,0.5,0.866025404,日本,144
9,0,0,5584329,3034197,20060,11092,84,83,3,21897163,7299054.333,23638904,8322085,144,0,0.5,0.866025404,日本,144
10,0,0,3034197,8322085,11092,21337,83,81,3,21897163,7299054.333,23638904,8827042,144,0,0.5,0.866025404,日本,144
11,0,0,8322085,8827042,21337,21309,81,80,3,21897163,7299054.333,23638904,3781176,144,0,0.5,0.866025404,日本,144
12,0,0,8827042,3781176,21309,8913,80,60,3,21897163,7299054.333,23638904,3348085,144,0,0.5,0.866025404,日本,144
13,0,0,3781176,3348085,8913,7476,60,35,3,21897163,7299054.333,23638904,3721128,144,0,0.5,0.866025404,日本,144
14,0,0,3348085,3721128,7476,9264,35,31,3,21897163,7299054.333,23638904,1430400,144,0,0.5,0.866025404,日本,144
15,0,0,3721128,1430400,9264,2993,31,16,3,21897163,7299054.333,23638904,1123386,144,0,0.5,0.866025404,日本,144
16,0,0,1430400,1123386,2993,2407,16,9,3,21897163,7299054.333,23638904,1290725,144,0,0.5,0.866025404,日本,144
17,0,0,1123386,1290725,2407,2651,9,7,3,21897163,7299054.333,23638904,961545,144,0,0.5,0.866025404,日本,144
18,0,0,1290725,961545,2651,1996,7,6,3,21897163,7299054.333,23638904,469610,144,0,0.5,0.866025404,日本,144
19,0,0,961545,469610,1996,975,6,4,3,21897163,7299054.333,23638904,637975,144,0,0.5,0.866025404,日本,144
20,0,0,469610,637975,975,1247,4,5,3,21897163,7299054.333,23638904,190610,144,0,0.5,0.866025404,日本,144
3,0,0,1472095,2070696,5808,8213,77,77,3,1472095,490698.3333,2070696,1065539,114,1,0.5,0.866025404,美國,114
4,0,0,2070696,1065539,8213,4140,77,77,3,1472095,490698.3333,2070696,386441,114,1,0.5,0.866025404,美國,114
5,0,0,1065539,386441,4140,1474,77,45,3,1472095,490698.3333,2070696,138003,114,1,0.5,0.866025404,美國,114
6,0,0,386441,138003,1474,505,45,18,3,1472095,490698.3333,2070696,64035,114,1,0.5,0.866025404,美國,114
7,0,0,138003,64035,505,240,18,8,3,1472095,490698.3333,2070696,26440,114,1,0.5,0.866025404,美國,114
8,0,0,64035,26440,240,102,8,7,3,1472095,490698.3333,2070696,8480,114,1,0.5,0.866025404,美國,114
9,0,0,26440,8480,102,36,7,2,3,1472095,490698.3333,2070696,1000,114,1,0.5,0.866025404,美國,114
3,0,0,2629324,2440679,10390,9392,80,81,3,2629324,876441.3333,2440679,2045706,117,0,-0.866025404,-0.5,中華民國,117
4,0,0,2440679,2045706,9392,7844,81,79,3,2629324,876441.3333,2440679,1095851,117,0,-0.866025404,-0.5,中華民國,117
5,0,0,2045706,1095851,7844,4414,79,53,3,2629324,876441.3333,2440679,714779,117,0,-0.866025404,-0.5,中華民國,117
6,0,0,1095851,714779,4414,2920,53,38,3,2629324,876441.3333,2440679,485815,117,0,-0.866025404,-0.5,中華民國,117
7,0,0,714779,485815,2920,1965,38,17,3,2629324,876441.3333,2440679,114753,117,0,-0.866025404,-0.5,中華民國,117
8,0,0,485815,114753,1965,438,17,7,3,2629324,876441.3333,2440679,198080,117,0,-0.866025404,-0.5,中華民國,117
9,0,0,114753,198080,438,902,7,9,3,2629324,876441.3333,2440679,134210,117,0,-0.866025404,-0.5,中華民國,117
10,0,0,198080,134210,902,541,9,4,3,2629324,876441.3333,2440679,31230,117,0,-0.866025404,-0.5,中華民國,117
3,0,0,134599,112379,561,481,13,13,3,134599,44866.33333,112379,29293,106,0,0.866025404,0.5,美國,106
4,0,0,112379,29293,481,129,13,6,3,134599,44866.33333,112379,16860,106,0,0.866025404,0.5,美國,106
3,0,0,263012,127988,1021,523,52,51,4,263012,65753,127988,8685,95,0,-0.866025404,0.5,美國,95
4,0,0,127988,8685,523,35,51,7,4,263012,65753,127988,2000,95,0,-0.866025404,0.5,美國,95
3,0,0,607293,715372,2351,2858,28,28,3,607293,202431,715372,272208,136,1,1,6.12E-17,美國,136
4,0,0,715372,272208,2858,1089,28,25,3,607293,202431,715372,93530,136,1,1,6.12E-17,美國,136
5,0,0,272208,93530,1089,379,25,13,3,607293,202431,715372,44370,136,1,1,6.12E-17,美國,136
6,0,0,93530,44370,379,186,13,4,3,607293,202431,715372,29780,136,1,1,6.12E-17,美國,136
7,0,0,44370,29780,186,122,4,4,3,607293,202431,715372,17460,136,1,1,6.12E-17,美國,136
8,0,0,29780,17460,122,75,4,1,3,607293,202431,715372,15960,136,1,1,6.12E-17,美國,136
3,0,0,6642009,4519567,24666,16699,50,53,3,6642009,2214003,4519567,1682023,79,0,0.866025404,-0.5,挪威,79
4,0,0,4519567,1682023,16699,6151,53,53,3,6642009,2214003,4519567,848181,79,0,0.866025404,-0.5,挪威,79
5,0,0,1682023,848181,6151,3102,53,48,3,6642009,2214003,4519567,270560,79,0,0.866025404,-0.5,挪威,79
6,0,0,848181,270560,3102,978,48,31,3,6642009,2214003,4519567,88553,79,0,0.866025404,-0.5,挪威,79
7,0,0,270560,88553,978,316,31,14,3,6642009,2214003,4519567,19890,79,0,0.866025404,-0.5,挪威,79
8,0,0,88553,19890,316,67,14,3,3,6642009,2214003,4519567,2250,79,0,0.866025404,-0.5,挪威,79
9,0,0,19890,2250,67,10,3,2,3,6642009,2214003,4519567,540,79,0,0.866025404,-0.5,挪威,79
3,0,0,47101,31981,183,127,15,15,3,47101,15700.33333,31981,1080,107,0,0.5,-0.866025404,西班牙,107
3,0,0,923159,747513,3568,3004,41,37,3,923159,307719.6667,747513,887446,111,0,0.5,-0.866025404,中華民國,111
4,0,0,747513,887446,3004,3690,37,33,3,923159,307719.6667,747513,647517,111,0,0.5,-0.866025404,中華民國,111
5,0,0,887446,647517,3690,2467,33,21,3,923159,307719.6667,747513,453734,111,0,0.5,-0.866025404,中華民國,111
6,0,0,647517,453734,2467,1866,21,16,3,923159,307719.6667,747513,540209,111,0,0.5,-0.866025404,中華民國,111
7,0,0,453734,540209,1866,2183,16,16,3,923159,307719.6667,747513,577127,111,0,0.5,-0.866025404,中華民國,111
8,0,0,540209,577127,2183,2498,16,16,3,923159,307719.6667,747513,324223,111,0,0.5,-0.866025404,中華民國,111
9,0,0,577127,324223,2498,1389,16,10,3,923159,307719.6667,747513,297525,111,0,0.5,-0.866025404,中華民國,111
10,0,0,324223,297525,1389,1214,10,13,3,923159,307719.6667,747513,136120,111,0,0.5,-0.866025404,中華民國,111
11,0,0,297525,136120,1214,585,13,9,3,923159,307719.6667,747513,299350,111,0,0.5,-0.866025404,中華民國,111
12,0,0,136120,299350,585,1210,9,12,3,923159,307719.6667,747513,67880,111,0,0.5,-0.866025404,中華民國,111
13,0,0,299350,67880,1210,277,12,6,3,923159,307719.6667,747513,167880,111,0,0.5,-0.866025404,中華民國,111
14,0,0,67880,167880,277,709,6,6,3,923159,307719.6667,747513,200630,111,0,0.5,-0.866025404,中華民國,111
15,0,0,167880,200630,709,814,6,6,3,923159,307719.6667,747513,525900,111,0,0.5,-0.866025404,中華民國,111
16,0,0,200630,525900,814,2155,6,12,3,923159,307719.6667,747513,171540,111,0,0.5,-0.866025404,中華民國,111
17,0,0,525900,171540,2155,778,12,3,3,923159,307719.6667,747513,188570,111,0,0.5,-0.866025404,中華民國,111
18,0,0,171540,188570,778,751,3,5,3,923159,307719.6667,747513,137870,111,0,0.5,-0.866025404,中華民國,111
19,0,0,188570,137870,751,571,5,3,3,923159,307719.6667,747513,13570,111,0,0.5,-0.866025404,中華民國,111
20,0,1,137870,13570,571,59,3,1,3,923159,307719.6667,747513,27360,111,0,0.5,-0.866025404,中華民國,111
21,1,0,13570,27360,59,114,1,1,3,923159,307719.6667,747513,490110,111,0,0.5,-0.866025404,中華民國,111
22,0,0,27360,490110,114,1663,1,6,3,923159,307719.6667,747513,82710,111,0,0.5,-0.866025404,中華民國,111
23,0,0,490110,82710,1663,347,6,3,3,923159,307719.6667,747513,54890,111,0,0.5,-0.866025404,中華民國,111
3,0,0,415546,504818,1461,2084,23,23,3,415546,138515.3333,504818,421587,86,0,-0.5,-0.866025404,日本,86
4,0,0,504818,421587,2084,1735,23,16,3,415546,138515.3333,504818,268403,86,0,-0.5,-0.866025404,日本,86
5,0,0,421587,268403,1735,1098,16,13,3,415546,138515.3333,504818,188108,86,0,-0.5,-0.866025404,日本,86
6,0,0,268403,188108,1098,769,13,11,3,415546,138515.3333,504818,110879,86,0,-0.5,-0.866025404,日本,86
7,0,0,188108,110879,769,461,11,8,3,415546,138515.3333,504818,69095,86,0,-0.5,-0.866025404,日本,86
8,0,0,110879,69095,461,288,8,3,3,415546,138515.3333,504818,44780,86,0,-0.5,-0.866025404,日本,86
9,0,0,69095,44780,288,187,3,2,3,415546,138515.3333,504818,38955,86,0,-0.5,-0.866025404,日本,86
10,0,0,44780,38955,187,166,2,1,3,415546,138515.3333,504818,16525,86,0,-0.5,-0.866025404,日本,86
11,0,0,38955,16525,166,68,1,1,3,415546,138515.3333,504818,21230,86,0,-0.5,-0.866025404,日本,86
12,0,0,16525,21230,68,88,1,1,3,415546,138515.3333,504818,15475,86,0,-0.5,-0.866025404,日本,86
13,0,0,21230,15475,88,64,1,1,3,415546,138515.3333,504818,33550,86,0,-0.5,-0.866025404,日本,86
14,0,0,15475,33550,64,138,1,1,3,415546,138515.3333,504818,11375,86,0,-0.5,-0.866025404,日本,86
15,0,0,33550,11375,138,46,1,1,3,415546,138515.3333,504818,5530,86,0,-0.5,-0.866025404,日本,86
3,0,0,86273,64214,332,246,22,22,3,86273,28757.66667,64214,2930,86,0,1.22E-16,-1,美國,86
4,0,0,64214,2930,246,12,22,3,3,86273,28757.66667,64214,1530,86,0,1.22E-16,-1,美國,86
5,0,0,2930,1530,12,7,3,1,3,86273,28757.66667,64214,660,86,0,1.22E-16,-1,美國,86
3,0,0,3037450,2711495,4690,4697,31,31,3,3037450,1012483.333,2711495,1099585,125,0,0.5,-0.866025404,韓國,125
4,0,0,2711495,1099585,4697,2022,31,27,3,3037450,1012483.333,2711495,457145,125,0,0.5,-0.866025404,韓國,125
5,0,0,1099585,457145,2022,849,27,18,3,3037450,1012483.333,2711495,100095,125,0,0.5,-0.866025404,韓國,125
6,0,0,457145,100095,849,186,18,12,3,3037450,1012483.333,2711495,55550,125,0,0.5,-0.866025404,韓國,125
7,0,0,100095,55550,186,101,12,3,3,3037450,1012483.333,2711495,8800,125,0,0.5,-0.866025404,韓國,125
8,0,2,55550,8800,101,16,3,2,3,3037450,1012483.333,2711495,65450,125,0,0.5,-0.866025404,韓國,125
3,0,0,159560,165783,616,675,20,20,3,159560,53186.66667,165783,51255,107,0,0.5,-0.866025404,美國,107
4,0,0,165783,51255,675,207,20,14,3,159560,53186.66667,165783,15655,107,0,0.5,-0.866025404,美國,107
5,0,0,51255,15655,207,61,14,3,3,159560,53186.66667,165783,7320,107,0,0.5,-0.866025404,美國,107
3,0,0,2773927,3640137,10773,14176,54,59,3,2773927,924642.3333,3640137,3858264,105,0,1.22E-16,-1,中華民國,105
4,0,0,3640137,3858264,14176,15372,59,57,3,2773927,924642.3333,3640137,2758982,105,0,1.22E-16,-1,中華民國,105
5,0,0,3858264,2758982,15372,10794,57,47,3,2773927,924642.3333,3640137,2914477,105,0,1.22E-16,-1,中華民國,105
6,0,0,2758982,2914477,10794,11938,47,40,3,2773927,924642.3333,3640137,2381490,105,0,1.22E-16,-1,中華民國,105
7,0,0,2914477,2381490,11938,9562,40,38,3,2773927,924642.3333,3640137,2172858,105,0,1.22E-16,-1,中華民國,105
8,0,0,2381490,2172858,9562,8861,38,38,3,2773927,924642.3333,3640137,1610582,105,0,1.22E-16,-1,中華民國,105
9,0,0,2172858,1610582,8861,6490,38,30,3,2773927,924642.3333,3640137,1654980,105,0,1.22E-16,-1,中華民國,105
10,0,0,1610582,1654980,6490,6650,30,29,3,2773927,924642.3333,3640137,1496264,105,0,1.22E-16,-1,中華民國,105
11,0,0,1654980,1496264,6650,6206,29,32,3,2773927,924642.3333,3640137,1505665,105,0,1.22E-16,-1,中華民國,105
12,0,0,1496264,1505665,6206,6031,32,29,3,2773927,924642.3333,3640137,1577608,105,0,1.22E-16,-1,中華民國,105
13,0,0,1505665,1577608,6031,6492,29,26,3,2773927,924642.3333,3640137,682660,105,0,1.22E-16,-1,中華民國,105
14,0,0,1577608,682660,6492,2792,26,18,3,2773927,924642.3333,3640137,605764,105,0,1.22E-16,-1,中華民國,105
15,0,0,682660,605764,2792,2452,18,18,3,2773927,924642.3333,3640137,411995,105,0,1.22E-16,-1,中華民國,105
16,0,0,605764,411995,2452,1834,18,13,3,2773927,924642.3333,3640137,593465,105,0,1.22E-16,-1,中華民國,105
17,0,0,411995,593465,1834,2261,13,16,3,2773927,924642.3333,3640137,414230,105,0,1.22E-16,-1,中華民國,105
18,0,0,593465,414230,2261,1778,16,9,3,2773927,924642.3333,3640137,216050,105,0,1.22E-16,-1,中華民國,105
19,0,0,414230,216050,1778,903,9,6,3,2773927,924642.3333,3640137,323650,105,0,1.22E-16,-1,中華民國,105
20,0,0,216050,323650,903,1191,6,7,3,2773927,924642.3333,3640137,193790,105,0,1.22E-16,-1,中華民國,105
21,0,0,323650,193790,1191,826,7,5,3,2773927,924642.3333,3640137,330510,105,0,1.22E-16,-1,中華民國,105
3,0,0,1248821,34538141,3242,112886,17,95,2,1248821,624410.5,34538141,36493327,125,0,1.22E-16,-1,美國,125
4,0,0,34538141,36493327,112886,117597,95,95,2,1248821,624410.5,34538141,24546023,125,0,1.22E-16,-1,美國,125
5,0,0,36493327,24546023,117597,85240,95,95,2,1248821,624410.5,34538141,14048388,125,0,1.22E-16,-1,美國,125
6,0,0,24546023,14048388,85240,51074,95,94,2,1248821,624410.5,34538141,7749222,125,0,1.22E-16,-1,美國,125
7,0,0,14048388,7749222,51074,28080,94,90,2,1248821,624410.5,34538141,5419765,125,0,1.22E-16,-1,美國,125
8,0,0,7749222,5419765,28080,17164,90,78,2,1248821,624410.5,34538141,3214432,125,0,1.22E-16,-1,美國,125
9,0,0,5419765,3214432,17164,9456,78,67,2,1248821,624410.5,34538141,1488359,125,0,1.22E-16,-1,美國,125
10,0,0,3214432,1488359,9456,4669,67,44,2,1248821,624410.5,34538141,1160088,125,0,1.22E-16,-1,美國,125
11,0,0,1488359,1160088,4669,3022,44,33,2,1248821,624410.5,34538141,590738,125,0,1.22E-16,-1,美國,125
12,0,0,1160088,590738,3022,1575,33,24,2,1248821,624410.5,34538141,121952,125,0,1.22E-16,-1,美國,125
13,0,0,590738,121952,1575,465,24,11,2,1248821,624410.5,34538141,108012,125,0,1.22E-16,-1,美國,125
14,0,0,121952,108012,465,454,11,7,2,1248821,624410.5,34538141,9820,125,0,1.22E-16,-1,美國,125
15,0,0,108012,9820,454,48,7,2,2,1248821,624410.5,34538141,164220,125,0,1.22E-16,-1,美國,125
16,0,0,9820,164220,48,295,2,3,2,1248821,624410.5,34538141,342945,125,0,1.22E-16,-1,美國,125
17,0,0,164220,342945,295,1059,3,8,2,1248821,624410.5,34538141,465375,125,0,1.22E-16,-1,美國,125
18,0,0,342945,465375,1059,1176,8,6,2,1248821,624410.5,34538141,173280,125,0,1.22E-16,-1,美國,125
19,0,0,465375,173280,1176,548,6,5,2,1248821,624410.5,34538141,17625,125,0,1.22E-16,-1,美國,125
20,0,0,173280,17625,548,235,5,1,2,1248821,624410.5,34538141,7125,125,0,1.22E-16,-1,美國,125
21,0,0,17625,7125,235,95,1,1,2,1248821,624410.5,34538141,61200,125,0,1.22E-16,-1,美國,125
22,0,0,7125,61200,95,291,1,2,2,1248821,624410.5,34538141,2325,125,0,1.22E-16,-1,美國,125
3,0,0,29727567,31225707,109660,115953,95,95,4,29727567,7431891.75,31225707,18291457,107,0,0.5,-0.866025404,美國,107
4,0,0,31225707,18291457,115953,67009,95,95,4,29727567,7431891.75,31225707,11754414,107,0,0.5,-0.866025404,美國,107
5,0,0,18291457,11754414,67009,42760,95,95,4,29727567,7431891.75,31225707,7097821,107,0,0.5,-0.866025404,美國,107
6,0,0,11754414,7097821,42760,25713,95,92,4,29727567,7431891.75,31225707,3936792,107,0,0.5,-0.866025404,美國,107
7,0,0,7097821,3936792,25713,14702,92,89,4,29727567,7431891.75,31225707,2026951,107,0,0.5,-0.866025404,美國,107
8,0,0,3936792,2026951,14702,7418,89,69,4,29727567,7431891.75,31225707,734187,107,0,0.5,-0.866025404,美國,107
9,0,0,2026951,734187,7418,2738,69,44,4,29727567,7431891.75,31225707,366605,107,0,0.5,-0.866025404,美國,107
10,0,0,734187,366605,2738,1375,44,25,4,29727567,7431891.75,31225707,147045,107,0,0.5,-0.866025404,美國,107
11,0,0,366605,147045,1375,577,25,12,4,29727567,7431891.75,31225707,81743,107,0,0.5,-0.866025404,美國,107
12,0,0,147045,81743,577,326,12,7,4,29727567,7431891.75,31225707,37207,107,0,0.5,-0.866025404,美國,107
13,0,0,81743,37207,326,154,7,7,4,29727567,7431891.75,31225707,39320,107,0,0.5,-0.866025404,美國,107
14,0,0,37207,39320,154,171,7,6,4,29727567,7431891.75,31225707,33330,107,0,0.5,-0.866025404,美國,107
15,0,1,39320,33330,171,162,6,3,4,29727567,7431891.75,31225707,15150,107,0,0.5,-0.866025404,美國,107
16,1,0,33330,15150,162,202,3,1,4,29727567,7431891.75,31225707,17925,107,0,0.5,-0.866025404,美國,107
17,0,0,15150,17925,202,239,1,1,4,29727567,7431891.75,31225707,16905,107,0,0.5,-0.866025404,美國,107
18,0,0,17925,16905,239,183,1,2,4,29727567,7431891.75,31225707,28540,107,0,0.5,-0.866025404,美國,107
19,0,0,16905,28540,183,237,2,2,4,29727567,7431891.75,31225707,27455,107,0,0.5,-0.866025404,美國,107
20,0,0,28540,27455,237,214,2,2,4,29727567,7431891.75,31225707,34860,107,0,0.5,-0.866025404,美國,107
21,0,0,27455,34860,214,237,2,1,4,29727567,7431891.75,31225707,10510,107,0,0.5,-0.866025404,美國,107
3,0,0,72193385,132919944,232379,426131,95,95,2,72193385,36096692.5,132919944,104683058,169,0,0.5,-0.866025404,美國,169
4,0,0,132919944,104683058,426131,332572,95,95,2,72193385,36096692.5,132919944,52772950,169,0,0.5,-0.866025404,美國,169
5,0,0,104683058,52772950,332572,168060,95,95,2,72193385,36096692.5,132919944,34645484,169,0,0.5,-0.866025404,美國,169
6,0,0,52772950,34645484,168060,115192,95,95,2,72193385,36096692.5,132919944,22473612,169,0,0.5,-0.866025404,美國,169
7,0,0,34645484,22473612,115192,75242,95,95,2,72193385,36096692.5,132919944,14247296,169,0,0.5,-0.866025404,美國,169
8,0,0,22473612,14247296,75242,48125,95,95,2,72193385,36096692.5,132919944,8196212,169,0,0.5,-0.866025404,美國,169
9,0,0,14247296,8196212,48125,27847,95,91,2,72193385,36096692.5,132919944,4635307,169,0,0.5,-0.866025404,美國,169
10,0,0,8196212,4635307,27847,16053,91,81,2,72193385,36096692.5,132919944,2632331,169,0,0.5,-0.866025404,美國,169
11,0,0,4635307,2632331,16053,9034,81,64,2,72193385,36096692.5,132919944,1505308,169,0,0.5,-0.866025404,美國,169
12,0,0,2632331,1505308,9034,5166,64,47,2,72193385,36096692.5,132919944,890964,169,0,0.5,-0.866025404,美國,169
13,0,0,1505308,890964,5166,3126,47,28,2,72193385,36096692.5,132919944,423242,169,0,0.5,-0.866025404,美國,169
14,0,0,890964,423242,3126,1464,28,23,2,72193385,36096692.5,132919944,296864,169,0,0.5,-0.866025404,美國,169
15,0,0,423242,296864,1464,991,23,12,2,72193385,36096692.5,132919944,170387,169,0,0.5,-0.866025404,美國,169
16,0,0,296864,170387,991,580,12,10,2,72193385,36096692.5,132919944,143603,169,0,0.5,-0.866025404,美國,169
17,0,0,170387,143603,580,508,10,8,2,72193385,36096692.5,132919944,56958,169,0,0.5,-0.866025404,美國,169
18,0,0,143603,56958,508,306,8,5,2,72193385,36096692.5,132919944,58400,169,0,0.5,-0.866025404,美國,169
19,0,0,56958,58400,306,375,5,2,2,72193385,36096692.5,132919944,39620,169,0,0.5,-0.866025404,美國,169
20,0,0,58400,39620,375,272,2,2,2,72193385,36096692.5,132919944,25340,169,0,0.5,-0.866025404,美國,169
21,0,0,39620,25340,272,178,2,1,2,72193385,36096692.5,132919944,17630,169,0,0.5,-0.866025404,美國,169
22,0,0,25340,17630,178,124,1,1,2,72193385,36096692.5,132919944,61670,169,0,0.5,-0.866025404,美國,169
23,0,0,17630,61670,124,687,1,2,2,72193385,36096692.5,132919944,59125,169,0,0.5,-0.866025404,美國,169
24,0,0,61670,59125,687,706,2,2,2,72193385,36096692.5,132919944,33000,169,0,0.5,-0.866025404,美國,169
25,0,0,59125,33000,706,440,2,1,2,72193385,36096692.5,132919944,18225,169,0,0.5,-0.866025404,美國,169
3,0,0,2768630,2036672,10562,7746,82,82,6,2768630,461438.3333,2036672,641183,104,1,0.5,-0.866025404,美國,104
4,0,0,2036672,641183,7746,2371,82,79,6,2768630,461438.3333,2036672,154828,104,1,0.5,-0.866025404,美國,104
5,0,0,641183,154828,2371,557,79,30,6,2768630,461438.3333,2036672,18700,104,1,0.5,-0.866025404,美國,104
6,0,1,154828,18700,557,65,30,8,6,2768630,461438.3333,2036672,3445,104,1,0.5,-0.866025404,美國,104
7,1,0,18700,3445,65,16,8,1,6,2768630,461438.3333,2036672,12850,104,1,0.5,-0.866025404,美國,104
8,0,0,3445,12850,16,53,1,1,6,2768630,461438.3333,2036672,6735,104,1,0.5,-0.866025404,美國,104
9,0,0,12850,6735,53,28,1,1,6,2768630,461438.3333,2036672,6750,104,1,0.5,-0.866025404,美國,104
10,0,0,6735,6750,28,90,1,1,6,2768630,461438.3333,2036672,8250,104,1,0.5,-0.866025404,美國,104
11,0,0,6750,8250,90,110,1,1,6,2768630,461438.3333,2036672,2700,104,1,0.5,-0.866025404,美國,104
3,0,0,71677101,56906148,261771,205859,97,97,5,71677101,14335420.2,56906148,31273318,109,0,1.22E-16,-1,日本,109
4,0,0,56906148,31273318,205859,114687,97,96,5,71677101,14335420.2,56906148,20927632,109,0,1.22E-16,-1,日本,109
5,0,0,31273318,20927632,114687,76430,96,94,5,71677101,14335420.2,56906148,12370227,109,0,1.22E-16,-1,日本,109
6,0,0,20927632,12370227,76430,45254,94,93,5,71677101,14335420.2,56906148,8306567,109,0,1.22E-16,-1,日本,109
7,0,0,12370227,8306567,45254,30312,93,90,5,71677101,14335420.2,56906148,5006820,109,0,1.22E-16,-1,日本,109
8,0,0,8306567,5006820,30312,18118,90,89,5,71677101,14335420.2,56906148,3496664,109,0,1.22E-16,-1,日本,109
9,0,0,5006820,3496664,18118,12726,89,71,5,71677101,14335420.2,56906148,2058252,109,0,1.22E-16,-1,日本,109
10,0,0,3496664,2058252,12726,7525,71,56,5,71677101,14335420.2,56906148,1231105,109,0,1.22E-16,-1,日本,109
11,0,0,2058252,1231105,7525,4564,56,33,5,71677101,14335420.2,56906148,269936,109,0,1.22E-16,-1,日本,109
12,0,0,1231105,269936,4564,986,33,23,5,71677101,14335420.2,56906148,362963,109,0,1.22E-16,-1,日本,109
13,0,0,269936,362963,986,1045,23,18,5,71677101,14335420.2,56906148,287343,109,0,1.22E-16,-1,日本,109
14,0,0,362963,287343,1045,653,18,13,5,71677101,14335420.2,56906148,290614,109,0,1.22E-16,-1,日本,109
15,0,0,287343,290614,653,634,13,8,5,71677101,14335420.2,56906148,147111,109,0,1.22E-16,-1,日本,109
16,0,0,290614,147111,634,340,8,6,5,71677101,14335420.2,56906148,32100,109,0,1.22E-16,-1,日本,109
17,0,0,147111,32100,340,113,6,2,5,71677101,14335420.2,56906148,163590,109,0,1.22E-16,-1,日本,109
18,0,0,32100,163590,113,278,2,3,5,71677101,14335420.2,56906148,83518,109,0,1.22E-16,-1,日本,109
19,0,0,163590,83518,278,143,3,3,5,71677101,14335420.2,56906148,1820,109,0,1.22E-16,-1,日本,109
3,0,0,616591,357749,2559,1464,22,22,3,616591,205530.3333,357749,259207,90,0,1.22E-16,-1,泰國,90
4,0,0,357749,259207,1464,836,22,17,3,616591,205530.3333,357749,70070,90,0,1.22E-16,-1,泰國,90
3,0,0,139838,187235,605,650,14,16,4,139838,34959.5,187235,21985,148,0,-0.866025404,0.5,英國,148
4,0,0,187235,21985,650,92,16,7,4,139838,34959.5,187235,9755,148,0,-0.866025404,0.5,英國,148
3,0,0,12155308,5831325,42837,21803,95,95,6,12155308,2025884.667,5831325,1882710,114,1,1.22E-16,-1,美國,114
4,0,0,5831325,1882710,21803,6980,95,94,6,12155308,2025884.667,5831325,603700,114,1,1.22E-16,-1,美國,114
5,0,0,1882710,603700,6980,2243,94,81,6,12155308,2025884.667,5831325,175162,114,1,1.22E-16,-1,美國,114
6,0,0,603700,175162,2243,655,81,19,6,12155308,2025884.667,5831325,48511,114,1,1.22E-16,-1,美國,114
7,0,0,175162,48511,655,187,19,7,6,12155308,2025884.667,5831325,12010,114,1,1.22E-16,-1,美國,114
8,0,0,48511,12010,187,46,7,1,6,12155308,2025884.667,5831325,4370,114,1,1.22E-16,-1,美國,114
9,0,0,12010,4370,46,17,1,1,6,12155308,2025884.667,5831325,2200,114,1,1.22E-16,-1,美國,114
3,0,0,74661291,96016586,221415,285979,95,95,6,74661291,12443548.5,96016586,83034833,155,0,1.22E-16,-1,美國,155
4,0,0,96016586,83034833,285979,261761,95,95,6,74661291,12443548.5,96016586,76601180,155,0,1.22E-16,-1,美國,155
5,0,0,83034833,76601180,261761,238231,95,95,6,74661291,12443548.5,96016586,58472735,155,0,1.22E-16,-1,美國,155
6,0,0,76601180,58472735,238231,187419,95,95,6,74661291,12443548.5,96016586,48108587,155,0,1.22E-16,-1,美國,155
7,0,0,58472735,48108587,187419,152724,95,95,6,74661291,12443548.5,96016586,39881499,155,0,1.22E-16,-1,美國,155
8,0,0,48108587,39881499,152724,120638,95,94,6,74661291,12443548.5,96016586,30318937,155,0,1.22E-16,-1,美國,155
9,0,0,39881499,30318937,120638,92729,94,94,6,74661291,12443548.5,96016586,21241739,155,0,1.22E-16,-1,美國,155
10,0,0,30318937,21241739,92729,65644,94,92,6,74661291,12443548.5,96016586,16068781,155,0,1.22E-16,-1,美國,155
11,0,0,21241739,16068781,65644,49280,92,91,6,74661291,12443548.5,96016586,8892397,155,0,1.22E-16,-1,美國,155
12,0,0,16068781,8892397,49280,26405,91,83,6,74661291,12443548.5,96016586,5920721,155,0,1.22E-16,-1,美國,155
13,0,0,8892397,5920721,26405,17994,83,79,6,74661291,12443548.5,96016586,4210551,155,0,1.22E-16,-1,美國,155
14,0,0,5920721,4210551,17994,12620,79,69,6,74661291,12443548.5,96016586,2535017,155,0,1.22E-16,-1,美國,155
15,0,0,4210551,2535017,12620,7575,69,64,6,74661291,12443548.5,96016586,2042178,155,0,1.22E-16,-1,美國,155
16,0,0,2535017,2042178,7575,6150,64,48,6,74661291,12443548.5,96016586,1232656,155,0,1.22E-16,-1,美國,155
17,0,0,2042178,1232656,6150,3831,48,35,6,74661291,12443548.5,96016586,606480,155,0,1.22E-16,-1,美國,155
18,0,0,1232656,606480,3831,1928,35,23,6,74661291,12443548.5,96016586,484949,155,0,1.22E-16,-1,美國,155
19,0,0,606480,484949,1928,1526,23,19,6,74661291,12443548.5,96016586,343297,155,0,1.22E-16,-1,美國,155
3,0,0,700050,524963,2859,2175,62,62,3,700050,233350,524963,36739,103,0,-0.866025404,0.5,美國,103
4,0,0,524963,36739,2175,169,62,27,3,700050,233350,524963,2450,103,0,-0.866025404,0.5,美國,103
5,0,0,36739,2450,169,11,27,3,3,700050,233350,524963,440,103,0,-0.866025404,0.5,美國,103
3,0,0,58500,11759779,195,44409,1,91,5,58500,11700,11759779,12229929,97,0,-0.5,-0.866025404,美國,97
4,0,0,11759779,12229929,44409,47071,91,91,5,58500,11700,11759779,5289647,97,0,-0.5,-0.866025404,美國,97
5,0,0,12229929,5289647,47071,20427,91,91,5,58500,11700,11759779,3123154,97,0,-0.5,-0.866025404,美國,97
6,0,0,5289647,3123154,20427,12139,91,89,5,58500,11700,11759779,1359065,97,0,-0.5,-0.866025404,美國,97
7,0,0,3123154,1359065,12139,5435,89,75,5,58500,11700,11759779,1031706,97,0,-0.5,-0.866025404,美國,97
8,0,0,1359065,1031706,5435,4203,75,49,5,58500,11700,11759779,769803,97,0,-0.5,-0.866025404,美國,97
9,0,0,1031706,769803,4203,3104,49,34,5,58500,11700,11759779,562999,97,0,-0.5,-0.866025404,美國,97
10,0,0,769803,562999,3104,2371,34,24,5,58500,11700,11759779,108320,97,0,-0.5,-0.866025404,美國,97
11,0,0,562999,108320,2371,479,24,9,5,58500,11700,11759779,28000,97,0,-0.5,-0.866025404,美國,97
12,0,0,108320,28000,479,140,9,2,5,58500,11700,11759779,87320,97,0,-0.5,-0.866025404,美國,97
13,0,0,28000,87320,140,415,2,4,5,58500,11700,11759779,38400,97,0,-0.5,-0.866025404,美國,97
14,0,0,87320,38400,415,192,4,1,5,58500,11700,11759779,36200,97,0,-0.5,-0.866025404,美國,97
15,0,0,38400,36200,192,181,1,1,5,58500,11700,11759779,46400,97,0,-0.5,-0.866025404,美國,97
16,0,0,36200,46400,181,232,1,1,5,58500,11700,11759779,9600,97,0,-0.5,-0.866025404,美國,97
17,0,0,46400,9600,232,48,1,1,5,58500,11700,11759779,10125,97,0,-0.5,-0.866025404,美國,97
18,0,0,9600,10125,48,135,1,1,5,58500,11700,11759779,8775,97,0,-0.5,-0.866025404,美國,97
3,0,0,109792561,83206320,379995,293560,94,94,6,109792561,18298760.17,83206320,47206829,133,0,-0.5,-0.866025404,美國,133
4,0,0,83206320,47206829,293560,165455,94,94,6,109792561,18298760.17,83206320,24191782,133,0,-0.5,-0.866025404,美國,133
5,0,0,47206829,24191782,165455,87387,94,94,6,109792561,18298760.17,83206320,15469665,133,0,-0.5,-0.866025404,美國,133
6,0,0,24191782,15469665,87387,56586,94,93,6,109792561,18298760.17,83206320,8600243,133,0,-0.5,-0.866025404,美國,133
7,0,0,15469665,8600243,56586,31678,93,93,6,109792561,18298760.17,83206320,5435006,133,0,-0.5,-0.866025404,美國,133
8,0,0,8600243,5435006,31678,19650,93,86,6,109792561,18298760.17,83206320,2886663,133,0,-0.5,-0.866025404,美國,133
9,0,0,5435006,2886663,19650,10849,86,76,6,109792561,18298760.17,83206320,1534112,133,0,-0.5,-0.866025404,美國,133
10,0,0,2886663,1534112,10849,5707,76,59,6,109792561,18298760.17,83206320,282791,133,0,-0.5,-0.866025404,美國,133
11,0,0,1534112,282791,5707,1013,59,30,6,109792561,18298760.17,83206320,140746,133,0,-0.5,-0.866025404,美國,133
12,0,0,282791,140746,1013,562,30,16,6,109792561,18298760.17,83206320,54560,133,0,-0.5,-0.866025404,美國,133
13,0,0,140746,54560,562,185,16,7,6,109792561,18298760.17,83206320,56720,133,0,-0.5,-0.866025404,美國,133
14,0,0,54560,56720,185,277,7,3,6,109792561,18298760.17,83206320,35065,133,0,-0.5,-0.866025404,美國,133
15,0,0,56720,35065,277,447,3,2,6,109792561,18298760.17,83206320,96300,133,0,-0.5,-0.866025404,美國,133
16,0,0,35065,96300,447,1050,2,2,6,109792561,18298760.17,83206320,76940,133,0,-0.5,-0.866025404,美國,133
17,0,0,96300,76940,1050,728,2,2,6,109792561,18298760.17,83206320,57900,133,0,-0.5,-0.866025404,美國,133
18,0,0,76940,57900,728,555,2,2,6,109792561,18298760.17,83206320,23935,133,0,-0.5,-0.866025404,美國,133
3,0,0,4992761,4860086,18607,18049,90,90,3,4992761,1664253.667,4860086,1667123,119,0,1.22E-16,-1,美國,119
4,0,0,4860086,1667123,18049,6228,90,88,3,4992761,1664253.667,4860086,625847,119,0,1.22E-16,-1,美國,119
5,0,0,1667123,625847,6228,2295,88,59,3,4992761,1664253.667,4860086,97283,119,0,1.22E-16,-1,美國,119
6,0,0,625847,97283,2295,353,59,10,3,4992761,1664253.667,4860086,29760,119,0,1.22E-16,-1,美國,119
7,0,0,97283,29760,353,114,10,6,3,4992761,1664253.667,4860086,9955,119,0,1.22E-16,-1,美國,119
8,0,0,29760,9955,114,40,6,2,3,4992761,1664253.667,4860086,6015,119,0,1.22E-16,-1,美國,119
3,0,0,467552,503703,1758,1929,38,38,3,467552,155850.6667,503703,140018,122,1,-1,-1.84E-16,韓國,122
4,0,0,503703,140018,1929,525,38,31,3,467552,155850.6667,503703,16098,122,1,-1,-1.84E-16,韓國,122
5,0,0,140018,16098,525,66,31,9,3,467552,155850.6667,503703,2000,122,1,-1,-1.84E-16,韓國,122
3,0,0,83803,66212,317,261,18,18,3,83803,27934.33333,66212,7890,85,0,-0.866025404,0.5,泰國,85
4,0,0,66212,7890,261,36,18,6,3,83803,27934.33333,66212,6930,85,0,-0.866025404,0.5,泰國,85
5,0,0,7890,6930,36,30,6,3,3,83803,27934.33333,66212,550,85,0,-0.866025404,0.5,泰國,85
3,0,0,39777558,27826177,131374,93531,95,95,6,39777558,6629593,27826177,10824812,129,0,-0.5,-0.866025404,美國,129
4,0,0,27826177,10824812,93531,39142,95,95,6,39777558,6629593,27826177,5410260,129,0,-0.5,-0.866025404,美國,129
5,0,0,10824812,5410260,39142,19937,95,95,6,39777558,6629593,27826177,2361781,129,0,-0.5,-0.866025404,美國,129
6,0,0,5410260,2361781,19937,8669,95,88,6,39777558,6629593,27826177,1019380,129,0,-0.5,-0.866025404,美國,129
7,0,0,2361781,1019380,8669,3589,88,63,6,39777558,6629593,27826177,326157,129,0,-0.5,-0.866025404,美國,129
8,0,0,1019380,326157,3589,1213,63,29,6,39777558,6629593,27826177,147590,129,0,-0.5,-0.866025404,美國,129
9,0,0,326157,147590,1213,576,29,11,6,39777558,6629593,27826177,34940,129,0,-0.5,-0.866025404,美國,129
10,0,0,147590,34940,576,142,11,4,6,39777558,6629593,27826177,29530,129,0,-0.5,-0.866025404,美國,129
11,0,0,34940,29530,142,132,4,2,6,39777558,6629593,27826177,2530,129,0,-0.5,-0.866025404,美國,129
12,0,1,29530,2530,132,10,2,1,6,39777558,6629593,27826177,40475,129,0,-0.5,-0.866025404,美國,129
13,1,0,2530,40475,10,416,1,2,6,39777558,6629593,27826177,57565,129,0,-0.5,-0.866025404,美國,129
14,0,0,40475,57565,416,621,2,2,6,39777558,6629593,27826177,19015,129,0,-0.5,-0.866025404,美國,129
15,0,0,57565,19015,621,203,2,2,6,39777558,6629593,27826177,14550,129,0,-0.5,-0.866025404,美國,129
16,0,0,19015,14550,203,153,2,2,6,39777558,6629593,27826177,7275,129,0,-0.5,-0.866025404,美國,129
3,0,0,12859821,13994814,49764,54249,86,86,3,12859821,4286607,13994814,11099912,104,0,-0.5,-0.866025404,日本,104
4,0,0,13994814,11099912,54249,42722,86,86,3,12859821,4286607,13994814,6558904,104,0,-0.5,-0.866025404,日本,104
5,0,0,11099912,6558904,42722,25273,86,85,3,12859821,4286607,13994814,5607291,104,0,-0.5,-0.866025404,日本,104
6,0,0,6558904,5607291,25273,22137,85,84,3,12859821,4286607,13994814,3775884,104,0,-0.5,-0.866025404,日本,104
7,0,0,5607291,3775884,22137,14994,84,79,3,12859821,4286607,13994814,2359863,104,0,-0.5,-0.866025404,日本,104
8,0,0,3775884,2359863,14994,9319,79,58,3,12859821,4286607,13994814,551981,104,0,-0.5,-0.866025404,日本,104
9,0,0,2359863,551981,9319,1927,58,32,3,12859821,4286607,13994814,524995,104,0,-0.5,-0.866025404,日本,104
10,0,0,551981,524995,1927,2085,32,24,3,12859821,4286607,13994814,334898,104,0,-0.5,-0.866025404,日本,104
11,0,0,524995,334898,2085,1337,24,23,3,12859821,4286607,13994814,180298,104,0,-0.5,-0.866025404,日本,104
12,0,0,334898,180298,1337,672,23,15,3,12859821,4286607,13994814,179511,104,0,-0.5,-0.866025404,日本,104
13,0,0,180298,179511,672,683,15,10,3,12859821,4286607,13994814,108805,104,0,-0.5,-0.866025404,日本,104
14,0,0,179511,108805,683,418,10,7,3,12859821,4286607,13994814,26745,104,0,-0.5,-0.866025404,日本,104
15,0,0,108805,26745,418,103,7,4,3,12859821,4286607,13994814,52758,104,0,-0.5,-0.866025404,日本,104
16,0,0,26745,52758,103,191,4,3,3,12859821,4286607,13994814,18313,104,0,-0.5,-0.866025404,日本,104
3,0,0,489419,265281,1992,1090,68,68,3,489419,163139.6667,265281,28875,98,0,-1,-1.84E-16,韓國,98
4,0,0,265281,28875,1090,127,68,26,3,489419,163139.6667,265281,360,98,0,-1,-1.84E-16,韓國,98
3,0,0,49320,5061501,140,19188,1,91,2,49320,24660,5061501,5426184,103,0,-0.5,-0.866025404,美國,103
4,0,0,5061501,5426184,19188,20898,91,91,2,49320,24660,5061501,3588971,103,0,-0.5,-0.866025404,美國,103
5,0,0,5426184,3588971,20898,14085,91,91,2,49320,24660,5061501,1876806,103,0,-0.5,-0.866025404,美國,103
6,0,0,3588971,1876806,14085,7546,91,84,2,49320,24660,5061501,1125447,103,0,-0.5,-0.866025404,美國,103
7,0,0,1876806,1125447,7546,4665,84,41,2,49320,24660,5061501,64100,103,0,-0.5,-0.866025404,美國,103
8,0,0,1125447,64100,4665,223,41,15,2,49320,24660,5061501,27003,103,0,-0.5,-0.866025404,美國,103
9,0,0,64100,27003,223,117,15,5,2,49320,24660,5061501,125050,103,0,-0.5,-0.866025404,美國,103
10,0,0,27003,125050,117,480,5,4,2,49320,24660,5061501,52360,103,0,-0.5,-0.866025404,美國,103
11,0,0,125050,52360,480,211,4,3,2,49320,24660,5061501,1100,103,0,-0.5,-0.866025404,美國,103
12,0,1,52360,1100,211,4,3,1,2,49320,24660,5061501,8325,103,0,-0.5,-0.866025404,美國,103
13,1,0,1100,8325,4,111,1,1,2,49320,24660,5061501,21150,103,0,-0.5,-0.866025404,美國,103
14,0,0,8325,21150,111,170,1,2,2,49320,24660,5061501,2175,103,0,-0.5,-0.866025404,美國,103
3,2,0,42780,55660,186,242,1,1,1,42780,42780,55660,18480,90,0,-0.5,-0.866025404,瑞士,90
3,0,0,1578156,1430238,6053,5597,82,82,3,1578156,526052,1430238,753294,91,0,-0.5,-0.866025404,美國,91
4,0,0,1430238,753294,5597,2937,82,77,3,1578156,526052,1430238,201884,91,0,-0.5,-0.866025404,美國,91
5,0,0,753294,201884,2937,849,77,33,3,1578156,526052,1430238,48870,91,0,-0.5,-0.866025404,美國,91
6,0,0,201884,48870,849,224,33,8,3,1578156,526052,1430238,32610,91,0,-0.5,-0.866025404,美國,91
7,0,0,48870,32610,224,149,8,4,3,1578156,526052,1430238,75700,91,0,-0.5,-0.866025404,美國,91
8,0,0,32610,75700,149,318,4,4,3,1578156,526052,1430238,6300,91,0,-0.5,-0.866025404,美國,91
3,0,0,553942,611002,2223,2434,23,23,3,553942,184647.3333,611002,609277,103,0,-0.866025404,-0.5,中華民國,103
4,0,0,611002,609277,2434,2506,23,19,3,553942,184647.3333,611002,473960,103,0,-0.866025404,-0.5,中華民國,103
5,0,0,609277,473960,2506,1984,19,16,3,553942,184647.3333,611002,352439,103,0,-0.866025404,-0.5,中華民國,103
6,0,0,473960,352439,1984,1446,16,14,3,553942,184647.3333,611002,320038,103,0,-0.866025404,-0.5,中華民國,103
7,0,0,352439,320038,1446,1340,14,11,3,553942,184647.3333,611002,209950,103,0,-0.866025404,-0.5,中華民國,103
8,0,0,320038,209950,1340,971,11,7,3,553942,184647.3333,611002,116175,103,0,-0.866025404,-0.5,中華民國,103
9,0,0,209950,116175,971,445,7,6,3,553942,184647.3333,611002,89480,103,0,-0.866025404,-0.5,中華民國,103
10,0,0,116175,89480,445,395,6,5,3,553942,184647.3333,611002,46940,103,0,-0.866025404,-0.5,中華民國,103
11,0,0,89480,46940,395,210,5,4,3,553942,184647.3333,611002,17545,103,0,-0.866025404,-0.5,中華民國,103
3,0,0,60312,107319,283,510,11,12,3,60312,20104,107319,36585,139,0,-1,-1.84E-16,德國,139
4,0,0,107319,36585,510,185,12,5,3,60312,20104,107319,22780,139,0,-1,-1.84E-16,德國,139
5,0,0,36585,22780,185,108,5,3,3,60312,20104,107319,6930,139,0,-1,-1.84E-16,德國,139
6,0,0,22780,6930,108,34,3,2,3,60312,20104,107319,8620,139,0,-1,-1.84E-16,德國,139
7,0,0,6930,8620,34,38,2,2,3,60312,20104,107319,2280,139,0,-1,-1.84E-16,德國,139
8,0,0,8620,2280,38,11,2,1,3,60312,20104,107319,2980,139,0,-1,-1.84E-16,德國,139
3,0,0,30799172,23640536,111549,85940,96,96,7,30799172,4399881.714,23640536,12052578,116,0,-0.5,-0.866025404,韓國,116
4,0,0,23640536,12052578,85940,44198,96,96,7,30799172,4399881.714,23640536,6574595,116,0,-0.5,-0.866025404,韓國,116
5,0,0,12052578,6574595,44198,23983,96,94,7,30799172,4399881.714,23640536,3182058,116,0,-0.5,-0.866025404,韓國,116
6,0,0,6574595,3182058,23983,11640,94,88,7,30799172,4399881.714,23640536,1529057,116,0,-0.5,-0.866025404,韓國,116
7,0,0,3182058,1529057,11640,5478,88,55,7,30799172,4399881.714,23640536,365194,116,0,-0.5,-0.866025404,韓國,116
8,0,0,1529057,365194,5478,1309,55,26,7,30799172,4399881.714,23640536,108643,116,0,-0.5,-0.866025404,韓國,116
9,0,0,365194,108643,1309,394,26,14,7,30799172,4399881.714,23640536,48399,116,0,-0.5,-0.866025404,韓國,116
10,0,0,108643,48399,394,183,14,6,7,30799172,4399881.714,23640536,8800,116,0,-0.5,-0.866025404,韓國,116
11,0,0,48399,8800,183,33,6,2,7,30799172,4399881.714,23640536,7620,116,0,-0.5,-0.866025404,韓國,116
12,0,1,8800,7620,33,26,2,2,7,30799172,4399881.714,23640536,9600,116,0,-0.5,-0.866025404,韓國,116
13,1,0,7620,9600,26,48,2,1,7,30799172,4399881.714,23640536,35400,116,0,-0.5,-0.866025404,韓國,116
14,0,0,9600,35400,48,246,1,1,7,30799172,4399881.714,23640536,37490,116,0,-0.5,-0.866025404,韓國,116
3,0,0,37314335,20373334,122662,68993,93,93,5,37314335,7462867,20373334,7757468,114,0,-0.5,-0.866025404,美國,114
4,0,0,20373334,7757468,68993,27444,93,93,5,37314335,7462867,20373334,3235121,114,0,-0.5,-0.866025404,美國,114
5,0,0,7757468,3235121,27444,11765,93,89,5,37314335,7462867,20373334,1288434,114,0,-0.5,-0.866025404,美國,114
6,0,0,3235121,1288434,11765,4864,89,78,5,37314335,7462867,20373334,522157,114,0,-0.5,-0.866025404,美國,114
7,0,0,1288434,522157,4864,1956,78,40,5,37314335,7462867,20373334,63224,114,0,-0.5,-0.866025404,美國,114
8,0,0,522157,63224,1956,221,40,9,5,37314335,7462867,20373334,33333,114,0,-0.5,-0.866025404,美國,114
9,0,0,63224,33333,221,134,9,4,5,37314335,7462867,20373334,660,114,0,-0.5,-0.866025404,美國,114
10,0,0,33333,660,134,2,4,1,5,37314335,7462867,20373334,82230,114,0,-0.5,-0.866025404,美國,114
11,0,2,660,82230,2,331,1,3,5,37314335,7462867,20373334,34150,114,0,-0.5,-0.866025404,美國,114
12,2,0,82230,34150,331,327,3,2,5,37314335,7462867,20373334,57065,114,0,-0.5,-0.866025404,美國,114
13,0,0,34150,57065,327,530,2,2,5,37314335,7462867,20373334,31945,114,0,-0.5,-0.866025404,美國,114
3,0,0,15839511,21110142,60050,79645,86,86,3,15839511,5279837,21110142,5480601,105,0,-0.866025404,-0.5,日本,105
4,0,0,21110142,5480601,79645,20447,86,85,3,15839511,5279837,21110142,3064051,105,0,-0.866025404,-0.5,日本,105
5,0,0,5480601,3064051,20447,11463,85,84,3,15839511,5279837,21110142,1670536,105,0,-0.866025404,-0.5,日本,105
6,0,0,3064051,1670536,11463,6257,84,82,3,15839511,5279837,21110142,1216973,105,0,-0.866025404,-0.5,日本,105
7,0,0,1670536,1216973,6257,4840,82,71,3,15839511,5279837,21110142,1175683,105,0,-0.866025404,-0.5,日本,105
8,0,0,1216973,1175683,4840,4716,71,57,3,15839511,5279837,21110142,482298,105,0,-0.866025404,-0.5,日本,105
9,0,0,1175683,482298,4716,1859,57,31,3,15839511,5279837,21110142,172312,105,0,-0.866025404,-0.5,日本,105
10,0,0,482298,172312,1859,630,31,16,3,15839511,5279837,21110142,214230,105,0,-0.866025404,-0.5,日本,105
11,0,0,172312,214230,630,832,16,15,3,15839511,5279837,21110142,83376,105,0,-0.866025404,-0.5,日本,105
3,0,0,426740,10192343,1261,37009,7,82,3,426740,142246.6667,10192343,8233350,128,1,-0.866025404,-0.5,美國,128
4,0,0,10192343,8233350,37009,29834,82,82,3,426740,142246.6667,10192343,4200319,128,1,-0.866025404,-0.5,美國,128
5,0,0,8233350,4200319,29834,14979,82,81,3,426740,142246.6667,10192343,1447946,128,1,-0.866025404,-0.5,美國,128
6,0,0,4200319,1447946,14979,5101,81,72,3,426740,142246.6667,10192343,445147,128,1,-0.866025404,-0.5,美國,128
7,0,0,1447946,445147,5101,1549,72,39,3,426740,142246.6667,10192343,140677,128,1,-0.866025404,-0.5,美國,128
8,0,0,445147,140677,1549,500,39,18,3,426740,142246.6667,10192343,29124,128,1,-0.866025404,-0.5,美國,128
9,0,0,140677,29124,500,105,18,7,3,426740,142246.6667,10192343,21387,128,1,-0.866025404,-0.5,美國,128
10,0,0,29124,21387,105,75,7,2,3,426740,142246.6667,10192343,12656,128,1,-0.866025404,-0.5,美國,128
11,0,0,21387,12656,75,43,2,1,3,426740,142246.6667,10192343,6708,128,1,-0.866025404,-0.5,美國,128
3,0,0,176550633,233117423,571473,739871,98,98,5,176550633,35310126.6,233117423,151719934,154,0,-0.866025404,-0.5,日本,154
4,0,0,233117423,151719934,739871,467753,98,98,5,176550633,35310126.6,233117423,101506683,154,0,-0.866025404,-0.5,日本,154
5,0,0,151719934,101506683,467753,307447,98,98,5,176550633,35310126.6,233117423,50817508,154,0,-0.866025404,-0.5,日本,154
6,0,0,101506683,50817508,307447,148888,98,96,5,176550633,35310126.6,233117423,33377100,154,0,-0.866025404,-0.5,日本,154
7,0,0,50817508,33377100,148888,96509,96,96,5,176550633,35310126.6,233117423,25081608,154,0,-0.866025404,-0.5,日本,154
8,0,0,33377100,25081608,96509,72971,96,95,5,176550633,35310126.6,233117423,17158224,154,0,-0.866025404,-0.5,日本,154
9,0,0,25081608,17158224,72971,54212,95,95,5,176550633,35310126.6,233117423,13043841,154,0,-0.866025404,-0.5,日本,154
10,0,0,17158224,13043841,54212,42252,95,94,5,176550633,35310126.6,233117423,10130940,154,0,-0.866025404,-0.5,日本,154
11,0,0,13043841,10130940,42252,32638,94,92,5,176550633,35310126.6,233117423,6537048,154,0,-0.866025404,-0.5,日本,154
12,0,0,10130940,6537048,32638,20249,92,90,5,176550633,35310126.6,233117423,6048366,154,0,-0.866025404,-0.5,日本,154
13,0,0,6537048,6048366,20249,18418,90,90,5,176550633,35310126.6,233117423,6498812,154,0,-0.866025404,-0.5,日本,154
3,0,0,71760,3985932,191,14425,1,88,2,71760,35880,3985932,4523100,116,0,-0.866025404,-0.5,美國,116
4,0,0,3985932,4523100,14425,16649,88,88,2,71760,35880,3985932,2212859,116,0,-0.866025404,-0.5,美國,116
5,0,0,4523100,2212859,16649,7959,88,86,2,71760,35880,3985932,1089295,116,0,-0.866025404,-0.5,美國,116
6,0,0,2212859,1089295,7959,3835,86,67,2,71760,35880,3985932,453082,116,0,-0.866025404,-0.5,美國,116
7,0,0,1089295,453082,3835,1576,67,33,2,71760,35880,3985932,232361,116,0,-0.866025404,-0.5,美國,116
8,0,0,453082,232361,1576,816,33,12,2,71760,35880,3985932,111324,116,0,-0.866025404,-0.5,美國,116
9,0,0,232361,111324,816,414,12,7,2,71760,35880,3985932,29680,116,0,-0.866025404,-0.5,美國,116
10,0,0,111324,29680,414,119,7,4,2,71760,35880,3985932,11880,116,0,-0.866025404,-0.5,美國,116
11,0,0,29680,11880,119,48,4,2,2,71760,35880,3985932,3790,116,0,-0.866025404,-0.5,美國,116
3,0,0,77145573,62159840,281675,226258,96,96,4,77145573,19286393.25,62159840,25830051,123,1,-0.866025404,-0.5,中華民國,123
4,0,0,62159840,25830051,226258,94580,96,95,4,77145573,19286393.25,62159840,12250870,123,1,-0.866025404,-0.5,中華民國,123
5,0,0,25830051,12250870,94580,44707,95,92,4,77145573,19286393.25,62159840,5865337,123,1,-0.866025404,-0.5,中華民國,123
6,0,0,12250870,5865337,44707,21562,92,91,4,77145573,19286393.25,62159840,2882058,123,1,-0.866025404,-0.5,中華民國,123
7,0,0,5865337,2882058,21562,10615,91,88,4,77145573,19286393.25,62159840,1331537,123,1,-0.866025404,-0.5,中華民國,123
8,0,0,2882058,1331537,10615,4960,88,73,4,77145573,19286393.25,62159840,640948,123,1,-0.866025404,-0.5,中華民國,123
9,0,0,1331537,640948,4960,2305,73,48,4,77145573,19286393.25,62159840,191774,123,1,-0.866025404,-0.5,中華民國,123
10,0,0,640948,191774,2305,685,48,17,4,77145573,19286393.25,62159840,116625,123,1,-0.866025404,-0.5,中華民國,123
11,0,0,191774,116625,685,417,17,11,4,77145573,19286393.25,62159840,50956,123,1,-0.866025404,-0.5,中華民國,123
3,0,0,396312,254974,1579,1009,64,64,3,396312,132104,254974,30227,92,0,-1,-1.84E-16,美國,92
4,0,0,254974,30227,1009,110,64,24,3,396312,132104,254974,1130,92,0,-1,-1.84E-16,美國,92
5,0,0,30227,1130,110,6,24,2,3,396312,132104,254974,400,92,0,-1,-1.84E-16,美國,92
6,0,1,1130,400,6,2,2,1,3,396312,132104,254974,12350,92,0,-1,-1.84E-16,美國,92
3,0,0,718276,541411,2856,2124,24,24,3,718276,239425.3333,541411,237617,117,0,-0.866025404,-0.5,日本,117
4,0,0,541411,237617,2124,925,24,22,3,718276,239425.3333,541411,33944,117,0,-0.866025404,-0.5,日本,117
5,0,0,237617,33944,925,136,22,8,3,718276,239425.3333,541411,26540,117,0,-0.866025404,-0.5,日本,117
6,0,0,33944,26540,136,110,8,5,3,718276,239425.3333,541411,9870,117,0,-0.866025404,-0.5,日本,117
7,0,0,26540,9870,110,40,5,4,3,718276,239425.3333,541411,1660,117,0,-0.866025404,-0.5,日本,117
8,0,0,9870,1660,40,7,4,1,3,718276,239425.3333,541411,1570,117,0,-0.866025404,-0.5,日本,117
9,0,1,1660,1570,7,5,1,1,3,718276,239425.3333,541411,6600,117,0,-0.866025404,-0.5,日本,117
10,1,0,1570,6600,5,30,1,1,3,718276,239425.3333,541411,12560,117,0,-0.866025404,-0.5,日本,117
3,0,0,25300,155100,115,705,1,2,2,25300,12650,155100,1406072,119,0,-0.866025404,-0.5,日本,119
4,0,0,155100,1406072,705,6198,2,25,2,25300,12650,155100,1463221,119,0,-0.866025404,-0.5,日本,119
5,0,0,1406072,1463221,6198,6438,25,25,2,25300,12650,155100,795255,119,0,-0.866025404,-0.5,日本,119
6,0,0,1463221,795255,6438,3504,25,25,2,25300,12650,155100,601289,119,0,-0.866025404,-0.5,日本,119
7,0,0,795255,601289,3504,2649,25,21,2,25300,12650,155100,271679,119,0,-0.866025404,-0.5,日本,119
8,0,0,601289,271679,2649,1190,21,16,2,25300,12650,155100,82040,119,0,-0.866025404,-0.5,日本,119
9,0,0,271679,82040,1190,363,16,7,2,25300,12650,155100,30400,119,0,-0.866025404,-0.5,日本,119
10,0,0,82040,30400,363,132,7,5,2,25300,12650,155100,47120,119,0,-0.866025404,-0.5,日本,119
3,0,0,2172733,1872490,5851,5366,28,28,3,2172733,724244.3333,1872490,488142,127,0,-1,-1.84E-16,英國,127
4,0,0,1872490,488142,5366,1484,28,24,3,2172733,724244.3333,1872490,165459,127,0,-1,-1.84E-16,英國,127
5,0,0,488142,165459,1484,559,24,10,3,2172733,724244.3333,1872490,52098,127,0,-1,-1.84E-16,英國,127
6,0,0,165459,52098,559,179,10,4,3,2172733,724244.3333,1872490,17085,127,0,-1,-1.84E-16,英國,127
7,0,0,52098,17085,179,62,4,3,3,2172733,724244.3333,1872490,9792,127,0,-1,-1.84E-16,英國,127
3,0,0,1300019,1065255,4825,4056,60,60,3,1300019,433339.6667,1065255,387169,93,0,-1,-1.84E-16,中華民國,93
4,0,0,1065255,387169,4056,1399,60,56,3,1300019,433339.6667,1065255,35375,93,0,-1,-1.84E-16,中華民國,93
5,0,0,387169,35375,1399,133,56,19,3,1300019,433339.6667,1065255,39000,93,0,-1,-1.84E-16,中華民國,93
3,0,0,764525,636653,3006,2427,7,7,3,764525,254841.6667,636653,345356,123,0,-1,-1.84E-16,中國大陸,123
4,0,0,636653,345356,2427,1317,7,7,3,764525,254841.6667,636653,126161,123,0,-1,-1.84E-16,中國大陸,123
5,0,0,345356,126161,1317,485,7,7,3,764525,254841.6667,636653,65292,123,0,-1,-1.84E-16,中國大陸,123
6,0,0,126161,65292,485,263,7,7,3,764525,254841.6667,636653,216183,123,0,-1,-1.84E-16,中國大陸,123
3,0,0,3796318,3705833,14002,13815,81,81,7,3796318,542331.1429,3705833,1188000,110,0,-0.866025404,-0.5,美國,110
4,0,0,3705833,1188000,13815,4325,81,80,7,3796318,542331.1429,3705833,536830,110,0,-0.866025404,-0.5,美國,110
5,0,0,1188000,536830,4325,1920,80,57,7,3796318,542331.1429,3705833,258416,110,0,-0.866025404,-0.5,美國,110
6,0,0,536830,258416,1920,988,57,24,7,3796318,542331.1429,3705833,78718,110,0,-0.866025404,-0.5,美國,110
7,0,0,258416,78718,988,310,24,9,7,3796318,542331.1429,3705833,40117,110,0,-0.866025404,-0.5,美國,110
8,0,0,78718,40117,310,183,9,2,7,3796318,542331.1429,3705833,2033,110,0,-0.866025404,-0.5,美國,110
3,0,0,420162,246675,1739,1020,60,59,3,420162,140054,246675,90120,91,0,-1,-1.84E-16,香港,91
4,0,1,246675,90120,1020,378,59,25,3,420162,140054,246675,69160,91,0,-1,-1.84E-16,香港,91
5,1,0,90120,69160,378,289,25,3,3,420162,140054,246675,73240,91,0,-1,-1.84E-16,香港,91
3,0,0,21578472,20459408,72188,69369,92,92,5,21578472,4315694.4,20459408,9769486,135,0,-1,-1.84E-16,美國,135
4,0,0,20459408,9769486,69369,33712,92,92,5,21578472,4315694.4,20459408,5038965,135,0,-1,-1.84E-16,美國,135
5,0,0,9769486,5038965,33712,17744,92,89,5,21578472,4315694.4,20459408,2714260,135,0,-1,-1.84E-16,美國,135
6,0,0,5038965,2714260,17744,9501,89,83,5,21578472,4315694.4,20459408,1346701,135,0,-1,-1.84E-16,美國,135
7,0,0,2714260,1346701,9501,4633,83,67,5,21578472,4315694.4,20459408,354239,135,0,-1,-1.84E-16,美國,135
8,0,0,1346701,354239,4633,1206,67,31,5,21578472,4315694.4,20459408,139428,135,0,-1,-1.84E-16,美國,135
9,0,0,354239,139428,1206,463,31,19,5,21578472,4315694.4,20459408,32056,135,0,-1,-1.84E-16,美國,135
3,0,0,130522,91312,557,387,49,48,3,130522,43507.33333,91312,1740,116,0,-1,-1.84E-16,日本,116
3,0,0,992501,994676,3822,3802,60,61,3,992501,330833.6667,994676,339964,101,0,-1,-1.84E-16,美國,101
4,0,0,994676,339964,3802,1286,61,51,3,992501,330833.6667,994676,54634,101,0,-1,-1.84E-16,美國,101
5,0,0,339964,54634,1286,199,51,8,3,992501,330833.6667,994676,16858,101,0,-1,-1.84E-16,美國,101
6,0,0,54634,16858,199,64,8,5,3,992501,330833.6667,994676,610,101,0,-1,-1.84E-16,美國,101
3,0,0,2985943,2179430,10722,7918,67,67,6,2985943,497657.1667,2179430,1139675,104,0,-1,-1.84E-16,日本,104
4,0,0,2179430,1139675,7918,4158,67,64,6,2985943,497657.1667,2179430,740455,104,0,-1,-1.84E-16,日本,104
5,0,0,1139675,740455,4158,2647,64,40,6,2985943,497657.1667,2179430,247880,104,0,-1,-1.84E-16,日本,104
6,0,0,740455,247880,2647,863,40,21,6,2985943,497657.1667,2179430,59482,104,0,-1,-1.84E-16,日本,104
7,0,0,247880,59482,863,205,21,8,6,2985943,497657.1667,2179430,25598,104,0,-1,-1.84E-16,日本,104
8,0,0,59482,25598,205,97,8,6,6,2985943,497657.1667,2179430,9470,104,0,-1,-1.84E-16,日本,104
3,0,0,99931,77538,400,318,17,17,3,99931,33310.33333,77538,2840,107,0,-1,-1.84E-16,泰國,107
4,0,0,77538,2840,318,13,17,2,3,99931,33310.33333,77538,1320,107,0,-1,-1.84E-16,泰國,107
3,0,0,2325489,1904246,9718,7802,58,55,3,2325489,775163,1904246,976093,123,0,-0.866025404,0.5,中華民國,123
4,0,0,1904246,976093,7802,4022,55,53,3,2325489,775163,1904246,455205,123,0,-0.866025404,0.5,中華民國,123
5,0,0,976093,455205,4022,1911,53,34,3,2325489,775163,1904246,341858,123,0,-0.866025404,0.5,中華民國,123
3,0,0,52061,26985,232,115,15,15,3,52061,17353.66667,26985,25940,116,0,-1,-1.84E-16,馬來西亞,116
4,0,0,26985,25940,115,104,15,5,3,52061,17353.66667,26985,520,116,0,-1,-1.84E-16,馬來西亞,116
3,0,0,1326395,1019841,5057,3998,73,72,3,1326395,442131.6667,1019841,270382,112,0,-0.866025404,-0.5,韓國,112
4,0,0,1019841,270382,3998,1041,72,42,3,1326395,442131.6667,1019841,84170,112,0,-0.866025404,-0.5,韓國,112
5,0,0,270382,84170,1041,315,42,13,3,1326395,442131.6667,1019841,12357,112,0,-0.866025404,-0.5,韓國,112
6,0,2,84170,12357,315,49,13,6,3,1326395,442131.6667,1019841,11730,112,0,-0.866025404,-0.5,韓國,112
3,0,0,8391405,9464676,30572,32323,86,86,3,8391405,2797135,9464676,5977842,110,0,-1,-1.84E-16,日本,110
4,0,0,9464676,5977842,32323,19927,86,86,3,8391405,2797135,9464676,3210911,110,0,-1,-1.84E-16,日本,110
5,0,0,5977842,3210911,19927,10630,86,86,3,8391405,2797135,9464676,2056522,110,0,-1,-1.84E-16,日本,110
6,0,0,3210911,2056522,10630,6759,86,77,3,8391405,2797135,9464676,762371,110,0,-1,-1.84E-16,日本,110
7,0,0,2056522,762371,6759,2562,77,52,3,8391405,2797135,9464676,214366,110,0,-1,-1.84E-16,日本,110
8,0,0,762371,214366,2562,787,52,20,3,8391405,2797135,9464676,154396,110,0,-1,-1.84E-16,日本,110
9,0,0,214366,154396,787,549,20,14,3,8391405,2797135,9464676,63715,110,0,-1,-1.84E-16,日本,110
3,0,0,29880,623427,94,2375,1,33,2,29880,14940,623427,389200,58,0,-1,-1.84E-16,日本,58
4,0,0,623427,389200,2375,1494,33,32,2,29880,14940,623427,119607,58,0,-1,-1.84E-16,日本,58
5,0,0,389200,119607,1494,468,32,31,2,29880,14940,623427,113924,58,0,-1,-1.84E-16,日本,58
6,0,0,119607,113924,468,430,31,17,2,29880,14940,623427,27256,58,0,-1,-1.84E-16,日本,58
7,0,0,113924,27256,430,101,17,5,2,29880,14940,623427,4656,58,0,-1,-1.84E-16,日本,58
8,0,0,27256,4656,101,18,5,2,2,29880,14940,623427,210,58,0,-1,-1.84E-16,日本,58
3,0,0,56676,59615,241,252,13,13,3,56676,18892,59615,20576,162,0,-0.866025404,0.5,德國,162
4,0,0,59615,20576,252,89,13,6,3,56676,18892,59615,410,162,0,-0.866025404,0.5,德國,162
3,0,0,126241,52150,587,224,12,12,3,126241,42080.33333,52150,45670,91,0,-1,-1.84E-16,中華民國,91
4,0,0,52150,45670,224,221,12,10,3,126241,42080.33333,52150,960,91,0,-1,-1.84E-16,中華民國,91
5,0,0,45670,960,221,4,10,2,3,126241,42080.33333,52150,880,91,0,-1,-1.84E-16,中華民國,91
3,0,0,730,705572,3,2607,1,16,3,730,243.3333333,705572,708575,70,0,-1,-1.84E-16,日本,70
4,0,0,705572,708575,2607,2678,16,16,3,730,243.3333333,705572,297981,70,0,-1,-1.84E-16,日本,70
5,0,0,708575,297981,2678,1133,16,15,3,730,243.3333333,705572,134295,70,0,-1,-1.84E-16,日本,70
6,0,0,297981,134295,1133,494,15,12,3,730,243.3333333,705572,88759,70,0,-1,-1.84E-16,日本,70
7,0,0,134295,88759,494,326,12,7,3,730,243.3333333,705572,51024,70,0,-1,-1.84E-16,日本,70
8,0,0,88759,51024,326,188,7,3,3,730,243.3333333,705572,69923,70,0,-1,-1.84E-16,日本,70
9,0,0,51024,69923,188,266,3,4,3,730,243.3333333,705572,25939,70,0,-1,-1.84E-16,日本,70
3,0,0,324408,241280,1284,982,28,28,3,324408,108136,241280,96966,129,0,-1,-1.84E-16,日本,129
4,0,0,241280,96966,982,391,28,18,3,324408,108136,241280,22885,129,0,-1,-1.84E-16,日本,129
5,0,0,96966,22885,391,98,18,6,3,324408,108136,241280,1460,129,0,-1,-1.84E-16,日本,129
6,0,0,22885,1460,98,6,6,1,3,324408,108136,241280,1940,129,0,-1,-1.84E-16,日本,129
7,0,0,1460,1940,6,8,1,1,3,324408,108136,241280,7660,129,0,-1,-1.84E-16,日本,129
3,0,0,60065,80635,272,379,15,15,3,60065,20021.66667,80635,17570,110,0,-1,-1.84E-16,西班牙,110
4,0,0,80635,17570,379,84,15,5,3,60065,20021.66667,80635,6370,110,0,-1,-1.84E-16,西班牙,110
5,0,0,17570,6370,84,33,5,2,3,60065,20021.66667,80635,2880,110,0,-1,-1.84E-16,西班牙,110
6,0,0,6370,2880,33,14,2,1,3,60065,20021.66667,80635,3010,110,0,-1,-1.84E-16,西班牙,110
3,0,0,51634,45890,230,207,9,9,3,51634,17211.33333,45890,24890,90,0,-1,-1.84E-16,日本,90
4,0,0,45890,24890,207,108,9,2,3,51634,17211.33333,45890,26610,90,0,-1,-1.84E-16,日本,90
5,0,0,24890,26610,108,113,2,2,3,51634,17211.33333,45890,17280,90,0,-1,-1.84E-16,日本,90
6,0,0,26610,17280,113,73,2,1,3,51634,17211.33333,45890,9950,90,0,-1,-1.84E-16,日本,90
7,0,0,17280,9950,73,43,1,1,3,51634,17211.33333,45890,5720,90,0,-1,-1.84E-16,日本,90
8,0,0,9950,5720,43,24,1,1,3,51634,17211.33333,45890,5560,90,0,-1,-1.84E-16,日本,90
9,0,0,5720,5560,24,23,1,1,3,51634,17211.33333,45890,2540,90,0,-1,-1.84E-16,日本,90
3,0,0,557642,537443,2071,2014,51,51,3,557642,185880.6667,537443,100195,109,0,-1,-1.84E-16,印尼,109
4,0,0,537443,100195,2014,372,51,22,3,557642,185880.6667,537443,8980,109,0,-1,-1.84E-16,印尼,109
5,0,0,100195,8980,372,39,22,2,3,557642,185880.6667,537443,2110,109,0,-1,-1.84E-16,印尼,109
3,1,0,4960,95983,31,450,1,14,2,4960,2480,95983,64673,98,0,-1,-1.84E-16,德國,98
4,0,0,95983,64673,450,305,14,14,2,4960,2480,95983,19960,98,0,-1,-1.84E-16,德國,98
5,0,0,64673,19960,305,95,14,8,2,4960,2480,95983,6280,98,0,-1,-1.84E-16,德國,98
3,0,0,645419,475081,2549,1915,67,67,3,645419,215139.6667,475081,34679,112,0,-1,-1.84E-16,美國,112
4,0,0,475081,34679,1915,161,67,29,3,645419,215139.6667,475081,4800,112,0,-1,-1.84E-16,美國,112
5,0,0,34679,4800,161,23,29,3,3,645419,215139.6667,475081,590,112,0,-1,-1.84E-16,美國,112
3,0,0,47162,50143,219,235,15,15,3,47162,15720.66667,50143,10740,112,0,-1,-1.84E-16,法國,112
3,0,0,94980,213938,312,879,3,23,2,94980,47490,213938,184569,102,0,-1,-1.84E-16,韓國,102
4,0,0,213938,184569,879,788,23,23,2,94980,47490,213938,36444,102,0,-1,-1.84E-16,韓國,102
5,0,0,184569,36444,788,155,23,12,2,94980,47490,213938,3980,102,0,-1,-1.84E-16,韓國,102
6,0,0,36444,3980,155,15,12,1,2,94980,47490,213938,1740,102,0,-1,-1.84E-16,韓國,102
7,0,0,3980,1740,15,7,1,1,2,94980,47490,213938,860,102,0,-1,-1.84E-16,韓國,102
3,0,0,2017935,1901362,7805,7628,81,81,3,2017935,672645,1901362,596753,108,0,-1,-1.84E-16,美國,108
4,0,0,1901362,596753,7628,2571,81,78,3,2017935,672645,1901362,408067,108,0,-1,-1.84E-16,美國,108
5,0,0,596753,408067,2571,1838,78,12,3,2017935,672645,1901362,106760,108,0,-1,-1.84E-16,美國,108
6,0,0,408067,106760,1838,479,12,2,3,2017935,672645,1901362,3900,108,0,-1,-1.84E-16,美國,108
7,0,1,106760,3900,479,15,2,2,3,2017935,672645,1901362,320,108,0,-1,-1.84E-16,美國,108
3,0,0,54000,1002765,180,3909,1,76,4,54000,13500,1002765,654733,109,0,-0.866025404,0.5,美國,109
4,0,0,1002765,654733,3909,2564,76,76,4,54000,13500,1002765,128177,109,0,-0.866025404,0.5,美國,109
5,0,0,654733,128177,2564,496,76,71,4,54000,13500,1002765,18331,109,0,-0.866025404,0.5,美國,109
3,0,0,136850,49455153,391,160513,1,94,3,136850,45616.66667,49455153,47659807,99,0,-1,-1.84E-16,日本,99
4,0,0,49455153,47659807,160513,153858,94,94,3,136850,45616.66667,49455153,39753346,99,0,-1,-1.84E-16,日本,99
5,0,0,47659807,39753346,153858,129280,94,93,3,136850,45616.66667,49455153,22732660,99,0,-1,-1.84E-16,日本,99
6,0,0,39753346,22732660,129280,73287,93,94,3,136850,45616.66667,49455153,26863977,99,0,-1,-1.84E-16,日本,99
7,0,0,22732660,26863977,73287,86390,94,94,3,136850,45616.66667,49455153,14192760,99,0,-1,-1.84E-16,日本,99
3,0,0,19720,375702,68,1526,1,35,2,19720,9860,375702,314431,84,0,-1,-1.84E-16,捷克,84
4,0,0,375702,314431,1526,1290,35,34,2,19720,9860,375702,63836,84,0,-1,-1.84E-16,捷克,84
5,0,0,314431,63836,1290,267,34,24,2,19720,9860,375702,11060,84,0,-1,-1.84E-16,捷克,84
6,0,0,63836,11060,267,51,24,5,2,19720,9860,375702,3690,84,0,-1,-1.84E-16,捷克,84
7,0,0,11060,3690,51,16,5,2,2,19720,9860,375702,11550,84,0,-1,-1.84E-16,捷克,84
3,0,0,9353106,9236937,30314,30174,83,83,4,9353106,2338276.5,9236937,5700710,161,0,-1,-1.84E-16,美國,161
4,0,0,9236937,5700710,30174,18876,83,83,4,9353106,2338276.5,9236937,1958395,161,0,-1,-1.84E-16,美國,161
5,0,0,5700710,1958395,18876,6613,83,76,4,9353106,2338276.5,9236937,1266057,161,0,-1,-1.84E-16,美國,161
6,0,0,1958395,1266057,6613,4104,76,69,4,9353106,2338276.5,9236937,536131,161,0,-1,-1.84E-16,美國,161
3,0,0,1381388,1347080,5288,5218,67,67,3,1381388,460462.6667,1347080,495459,103,0,-1,-1.84E-16,日本,103
4,0,0,1347080,495459,5218,1912,67,60,3,1381388,460462.6667,1347080,81293,103,0,-1,-1.84E-16,日本,103
5,0,0,495459,81293,1912,304,60,16,3,1381388,460462.6667,1347080,61873,103,0,-1,-1.84E-16,日本,103
6,0,0,81293,61873,304,232,16,10,3,1381388,460462.6667,1347080,49888,103,0,-1,-1.84E-16,日本,103
3,0,0,519717,338678,1970,1287,35,35,3,519717,173239,338678,64823,132,0,-1,-1.84E-16,印尼,132
4,0,0,338678,64823,1287,252,35,19,3,519717,173239,338678,5700,132,0,-1,-1.84E-16,印尼,132
5,0,0,64823,5700,252,27,19,1,3,519717,173239,338678,1460,132,0,-1,-1.84E-16,印尼,132
3,0,0,46103,41940,194,189,13,13,3,46103,15367.66667,41940,12605,117,0,-1,-1.84E-16,挪威,117
4,0,0,41940,12605,189,61,13,5,3,46103,15367.66667,41940,320,117,0,-1,-1.84E-16,挪威,117
3,0,0,23582348,29107538,86748,106482,89,91,4,23582348,5895587,29107538,21969442,110,0,-0.866025404,0.5,中華民國,110
4,0,0,29107538,21969442,106482,79178,91,91,4,23582348,5895587,29107538,10509366,110,0,-0.866025404,0.5,中華民國,110
3,0,0,724163,1011496,2811,3988,42,42,3,724163,241387.6667,1011496,356571,102,0,-0.866025404,0.5,印尼,102
4,0,0,1011496,356571,3988,1524,42,37,3,724163,241387.6667,1011496,281227,102,0,-0.866025404,0.5,印尼,102
5,0,0,356571,281227,1524,1099,37,25,3,724163,241387.6667,1011496,87254,102,0,-0.866025404,0.5,印尼,102
3,0,0,590340,535405,2431,2215,48,48,3,590340,196780,535405,69898,104,0,-1,-1.84E-16,美國,104
4,0,0,535405,69898,2215,284,48,35,3,590340,196780,535405,3530,104,0,-1,-1.84E-16,美國,104
5,0,0,69898,3530,284,14,35,2,3,590340,196780,535405,2673,104,0,-1,-1.84E-16,美國,104
3,0,0,924274,1215205,3394,4535,40,40,3,924274,308091.3333,1215205,571919,105,0,-1,-1.84E-16,美國,105
4,0,0,1215205,571919,4535,2093,40,40,3,924274,308091.3333,1215205,157806,105,0,-1,-1.84E-16,美國,105
5,0,0,571919,157806,2093,611,40,16,3,924274,308091.3333,1215205,74880,105,0,-1,-1.84E-16,美國,105
6,0,0,157806,74880,611,290,16,7,3,924274,308091.3333,1215205,33406,105,0,-1,-1.84E-16,美國,105
3,0,0,3919140,3585178,13040,12586,56,57,3,3919140,1306380,3585178,2246269,94,0,-1,-1.84E-16,日本,94
4,0,0,3585178,2246269,12586,7929,57,55,3,3919140,1306380,3585178,1044674,94,0,-1,-1.84E-16,日本,94
5,0,0,2246269,1044674,7929,3632,55,45,3,3919140,1306380,3585178,361369,94,0,-1,-1.84E-16,日本,94
6,0,0,1044674,361369,3632,1248,45,20,3,3919140,1306380,3585178,182689,94,0,-1,-1.84E-16,日本,94
7,0,0,361369,182689,1248,641,20,18,3,3919140,1306380,3585178,56161,94,0,-1,-1.84E-16,日本,94
3,0,0,797747,1228374,2913,4626,75,75,3,797747,265915.6667,1228374,250288,98,0,-0.866025404,0.5,美國,98
4,0,0,1228374,250288,4626,945,75,70,3,797747,265915.6667,1228374,131759,98,0,-0.866025404,0.5,美國,98
5,0,0,250288,131759,945,445,70,39,3,797747,265915.6667,1228374,54421,98,0,-0.866025404,0.5,美國,98
3,0,0,5279145,3710807,19274,13890,98,98,7,5279145,754163.5714,3710807,1015462,112,0,-1,-1.84E-16,香港,112
4,0,0,3710807,1015462,13890,3796,98,97,7,5279145,754163.5714,3710807,425966,112,0,-1,-1.84E-16,香港,112
5,0,0,1015462,425966,3796,1583,97,82,7,5279145,754163.5714,3710807,345257,112,0,-1,-1.84E-16,香港,112
3,0,0,2057241,3672540,7165,13222,69,69,3,2057241,685747,3672540,2842308,106,0,-0.866025404,0.5,日本,106
4,0,0,3672540,2842308,13222,9446,69,64,3,2057241,685747,3672540,1957819,106,0,-0.866025404,0.5,日本,106
5,0,0,2842308,1957819,9446,7039,64,59,3,2057241,685747,3672540,1776484,106,0,-0.866025404,0.5,日本,106
3,0,0,168618,106176,668,421,20,20,6,168618,28103,106176,13685,97,0,-1,-1.84E-16,日本,97
4,0,0,106176,13685,421,59,20,9,6,168618,28103,106176,3340,97,0,-1,-1.84E-16,日本,97
5,0,0,13685,3340,59,13,9,3,6,168618,28103,106176,700,97,0,-1,-1.84E-16,日本,97
3,0,0,86655,4036149,316,14927,1,44,2,86655,43327.5,4036149,2433665,64,0,-0.866025404,0.5,韓國,64
4,0,0,4036149,2433665,14927,8981,44,48,2,86655,43327.5,4036149,1770574,64,0,-0.866025404,0.5,韓國,64
5,0,0,2433665,1770574,8981,6788,48,48,2,86655,43327.5,4036149,608194,64,0,-0.866025404,0.5,韓國,64
3,0,0,1785096,1916841,6188,6621,20,20,7,1785096,255013.7143,1916841,690619,67,0,-0.866025404,0.5,日本,67
3,0,0,19442221,10760922,59827,33219,93,94,5,19442221,3888444.2,10760922,6071151,118,0,-0.866025404,0.5,美國,118
4,0,0,10760922,6071151,33219,19447,94,95,5,19442221,3888444.2,10760922,2467073,118,0,-0.866025404,0.5,美國,118
3,0,0,306617,150288,1225,654,62,62,4,306617,76654.25,150288,8288,91,0,-0.866025404,0.5,美國,91
4,0,0,150288,8288,654,37,62,9,4,306617,76654.25,150288,720,91,0,-0.866025404,0.5,美國,91
3,0,0,3200102,2065563,12296,7961,72,70,4,3200102,800025.5,2065563,922378,138,0,-0.866025404,0.5,韓國,138
4,0,0,2065563,922378,7961,3465,70,69,4,3200102,800025.5,2065563,345650,138,0,-0.866025404,0.5,韓國,138
3,0,0,5558047,3555285,21167,13616,82,83,4,5558047,1389511.75,3555285,1735087,125,1,-0.866025404,0.5,香港,125
4,0,0,3555285,1735087,13616,6358,83,83,4,5558047,1389511.75,3555285,594779,125,1,-0.866025404,0.5,香港,125
3,0,0,1443591,2020737,4895,6881,20,20,7,1443591,206227.2857,2020737,823485,75,0,-0.866025404,0.5,日本,75
3,0,0,1009490,460695,3151,1632,10,10,4,1009490,252372.5,460695,181873,101,0,-0.866025404,0.5,日本,101
4,0,0,460695,181873,1632,648,10,10,4,1009490,252372.5,460695,33202,101,0,-0.866025404,0.5,日本,101
3,0,0,102590,83785,500,405,2,2,3,102590,34196.66667,83785,31795,110,0,1.22E-16,-1,日本,110
4,0,0,83785,31795,405,149,2,2,3,102590,34196.66667,83785,8085,110,0,1.22E-16,-1,日本,110
3,0,0,144545,152730,682,721,2,2,3,144545,48181.66667,152730,37955,140,0,1.22E-16,-1,日本,140
3,0,0,10239938,11123494,43676,48255,81,82,5,10239938,2047987.6,11123494,3787451,128,0,1.22E-16,-1,美國,128
4,0,0,11123494,3787451,48255,16197,82,81,5,10239938,2047987.6,11123494,895784,128,0,1.22E-16,-1,美國,128
5,0,0,3787451,895784,16197,3776,81,56,5,10239938,2047987.6,11123494,190423,128,0,1.22E-16,-1,美國,128
6,0,0,895784,190423,3776,800,56,10,5,10239938,2047987.6,11123494,46915,128,0,1.22E-16,-1,美國,128
7,0,0,190423,46915,800,191,10,4,5,10239938,2047987.6,11123494,11040,128,0,1.22E-16,-1,美國,128
8,0,2,46915,11040,191,43,4,1,5,10239938,2047987.6,11123494,17160,128,0,1.22E-16,-1,美國,128
9,2,0,11040,17160,43,205,1,3,5,10239938,2047987.6,11123494,17720,128,0,1.22E-16,-1,美國,128
10,0,0,17160,17720,205,208,3,3,5,10239938,2047987.6,11123494,12240,128,0,1.22E-16,-1,美國,128
11,0,0,17720,12240,208,137,3,4,5,10239938,2047987.6,11123494,24600,128,0,1.22E-16,-1,美國,128
12,0,0,12240,24600,137,405,4,3,5,10239938,2047987.6,11123494,33485,128,0,1.22E-16,-1,美國,128
13,0,0,24600,33485,405,504,3,4,5,10239938,2047987.6,11123494,23890,128,0,1.22E-16,-1,美國,128
14,0,0,33485,23890,504,259,4,3,5,10239938,2047987.6,11123494,14240,128,0,1.22E-16,-1,美國,128
15,0,0,23890,14240,259,122,3,2,5,10239938,2047987.6,11123494,5320,128,0,1.22E-16,-1,美國,128
