gov_id,title_zh,release_round,release_start,release_end,release_days,total_weeks,total_amount,total_tickets,avg_amount_per_week,avg_tickets_per_week,peak_amount,peak_amount_week,peak_theater_count,avg_theater_count,amount_growth_rate,decline_rate_mean,decline_rate_last,is_long_tail,status,is_re_release,release_initial_date,update_at
13460,仲夏魘,1,2019-07-08,2019-09-08,63,9,2453110.0,10948.0,272567.78,1216.44,959929.0,2019-07-15~2019-07-21,19,7.0,0.079,-0.39,0.0,False,下檔,False,2019-07-08,2025-10-28 18:37:33
13460,仲夏魘,2,2019-09-09,2019-10-06,28,4,0.0,0.0,0.0,0.0,0.0,2019-09-09~2019-09-15,0,0.0,,0.0,0.0,False,下檔,True,2019-07-08,2025-10-28 18:37:33
13460,仲夏魘,3,2019-10-07,2019-11-03,28,4,0.0,0.0,0.0,0.0,0.0,2019-10-07~2019-10-13,0,0.0,,0.0,0.0,False,下檔,True,2019-07-08,2025-10-28 18:37:33
13460,仲夏魘,4,2019-11-04,2019-12-01,28,4,0.0,0.0,0.0,0.0,0.0,2019-11-04~2019-11-10,0,0.0,,0.0,0.0,False,下檔,True,2019-07-08,2025-10-28 18:37:33
13460,仲夏魘,5,2019-12-02,2019-12-29,28,4,0.0,0.0,0.0,0.0,0.0,2019-12-02~2019-12-08,0,0.0,,0.0,0.0,False,下檔,True,2019-07-08,2025-10-28 18:37:33
13460,仲夏魘,6,2019-12-30,2020-01-26,28,4,0.0,0.0,0.0,0.0,0.0,2019-12-30~2020-01-05,0,0.0,,0.0,0.0,False,下檔,True,2019-07-08,2025-10-28 18:37:33
13460,仲夏魘,7,2020-01-27,2020-02-23,28,4,0.0,0.0,0.0,0.0,0.0,2020-01-27~2020-02-02,0,0.0,,0.0,0.0,False,下檔,True,2019-07-08,2025-10-28 18:37:33
13460,仲夏魘,8,2020-02-24,2020-03-22,28,4,0.0,0.0,0.0,0.0,0.0,2020-02-24~2020-03-01,0,0.0,,0.0,0.0,False,下檔,True,2019-07-08,2025-10-28 18:37:33
13460,仲夏魘,9,2020-03-23,2020-04-19,28,4,0.0,0.0,0.0,0.0,0.0,2020-03-23~2020-03-29,0,0.0,,0.0,0.0,False,下檔,True,2019-07-08,2025-10-28 18:37:33
13460,仲夏魘,10,2020-04-20,2020-05-17,28,4,0.0,0.0,0.0,0.0,0.0,2020-04-20~2020-04-26,0,0.0,,0.0,0.0,False,下檔,True,2019-07-08,2025-10-28 18:37:33
13460,仲夏魘,11,2020-05-18,2020-06-14,28,4,0.0,0.0,0.0,0.0,0.0,2020-05-18~2020-05-24,0,0.0,,0.0,0.0,False,下檔,True,2019-07-08,2025-10-28 18:37:33
13460,仲夏魘,12,2020-06-15,2020-07-12,28,4,0.0,0.0,0.0,0.0,0.0,2020-06-15~2020-06-21,0,0.0,,0.0,0.0,False,下檔,True,2019-07-08,2025-10-28 18:37:33
13460,仲夏魘,13,2020-07-13,2020-08-09,28,4,0.0,0.0,0.0,0.0,0.0,2020-07-13~2020-07-19,0,0.0,,0.0,0.0,False,下檔,True,2019-07-08,2025-10-28 18:37:33
13460,仲夏魘,14,2020-08-10,2020-09-06,28,4,0.0,0.0,0.0,0.0,0.0,2020-08-10~2020-08-16,0,0.0,,0.0,0.0,False,下檔,True,2019-07-08,2025-10-28 18:37:33
13460,仲夏魘,15,2020-09-07,2020-10-04,28,4,0.0,0.0,0.0,0.0,0.0,2020-09-07~2020-09-13,0,0.0,,0.0,0.0,False,下檔,True,2019-07-08,2025-10-28 18:37:33
13460,仲夏魘,16,2020-10-05,2020-11-01,28,4,0.0,0.0,0.0,0.0,0.0,2020-10-05~2020-10-11,0,0.0,,0.0,0.0,False,下檔,True,2019-07-08,2025-10-28 18:37:33
13460,仲夏魘,17,2020-11-02,2020-11-29,28,4,0.0,0.0,0.0,0.0,0.0,2020-11-02~2020-11-08,0,0.0,,0.0,0.0,False,下檔,True,2019-07-08,2025-10-28 18:37:33
13460,仲夏魘,18,2020-11-30,2020-12-27,28,4,0.0,0.0,0.0,0.0,0.0,2020-11-30~2020-12-06,0,0.0,,0.0,0.0,False,下檔,True,2019-07-08,2025-10-28 18:37:33
13460,仲夏魘,19,2020-12-28,2021-01-24,28,4,0.0,0.0,0.0,0.0,0.0,2020-12-28~2021-01-03,0,0.0,,0.0,0.0,False,下檔,True,2019-07-08,2025-10-28 18:37:33
13460,仲夏魘,20,2021-01-25,2021-02-21,28,4,0.0,0.0,0.0,0.0,0.0,2021-01-25~2021-01-31,0,0.0,,0.0,0.0,False,下檔,True,2019-07-08,2025-10-28 18:37:33
13460,仲夏魘,21,2021-02-22,2021-03-21,28,4,0.0,0.0,0.0,0.0,0.0,2021-02-22~2021-02-28,0,0.0,,0.0,0.0,False,下檔,True,2019-07-08,2025-10-28 18:37:33
13460,仲夏魘,22,2021-03-22,2021-04-18,28,4,0.0,0.0,0.0,0.0,0.0,2021-03-22~2021-03-28,0,0.0,,0.0,0.0,False,下檔,True,2019-07-08,2025-10-28 18:37:33
13460,仲夏魘,23,2021-04-19,2021-05-16,28,4,0.0,0.0,0.0,0.0,0.0,2021-04-19~2021-04-25,0,0.0,,0.0,0.0,False,下檔,True,2019-07-08,2025-10-28 18:37:33
13460,仲夏魘,24,2021-05-17,2021-06-13,28,4,0.0,0.0,0.0,0.0,0.0,2021-05-17~2021-05-23,0,0.0,,0.0,0.0,False,下檔,True,2019-07-08,2025-10-28 18:37:33
13460,仲夏魘,25,2021-06-14,2021-07-11,28,4,0.0,0.0,0.0,0.0,0.0,2021-06-14~2021-06-20,0,0.0,,0.0,0.0,False,下檔,True,2019-07-08,2025-10-28 18:37:33
13460,仲夏魘,26,2021-07-12,2021-08-08,28,4,0.0,0.0,0.0,0.0,0.0,2021-07-12~2021-07-18,0,0.0,,0.0,0.0,False,下檔,True,2019-07-08,2025-10-28 18:37:33
13460,仲夏魘,27,2021-08-09,2021-09-05,28,4,0.0,0.0,0.0,0.0,0.0,2021-08-09~2021-08-15,0,0.0,,0.0,0.0,False,下檔,True,2019-07-08,2025-10-28 18:37:33
13460,仲夏魘,28,2021-09-06,2021-10-03,28,4,0.0,0.0,0.0,0.0,0.0,2021-09-06~2021-09-12,0,0.0,,0.0,0.0,False,下檔,True,2019-07-08,2025-10-28 18:37:33
13460,仲夏魘,29,2021-10-04,2021-10-31,28,4,0.0,0.0,0.0,0.0,0.0,2021-10-04~2021-10-10,0,0.0,,0.0,0.0,False,下檔,True,2019-07-08,2025-10-28 18:37:33
13460,仲夏魘,30,2021-11-01,2021-11-28,28,4,0.0,0.0,0.0,0.0,0.0,2021-11-01~2021-11-07,0,0.0,,0.0,0.0,False,下檔,True,2019-07-08,2025-10-28 18:37:33
13460,仲夏魘,31,2021-11-29,2021-12-26,28,4,0.0,0.0,0.0,0.0,0.0,2021-11-29~2021-12-05,0,0.0,,0.0,0.0,False,下檔,True,2019-07-08,2025-10-28 18:37:33
13460,仲夏魘,32,2021-12-27,2022-01-23,28,4,0.0,0.0,0.0,0.0,0.0,2021-12-27~2022-01-02,0,0.0,,0.0,0.0,False,下檔,True,2019-07-08,2025-10-28 18:37:33
13460,仲夏魘,33,2022-01-24,2022-02-20,28,4,0.0,0.0,0.0,0.0,0.0,2022-01-24~2022-01-30,0,0.0,,0.0,0.0,False,下檔,True,2019-07-08,2025-10-28 18:37:33
13460,仲夏魘,34,2022-02-21,2022-03-20,28,4,0.0,0.0,0.0,0.0,0.0,2022-02-21~2022-02-27,0,0.0,,0.0,0.0,False,下檔,True,2019-07-08,2025-10-28 18:37:33
13460,仲夏魘,35,2022-03-21,2022-04-17,28,4,0.0,0.0,0.0,0.0,0.0,2022-03-21~2022-03-27,0,0.0,,0.0,0.0,False,下檔,True,2019-07-08,2025-10-28 18:37:33
13460,仲夏魘,36,2022-04-18,2022-05-15,28,4,0.0,0.0,0.0,0.0,0.0,2022-04-18~2022-04-24,0,0.0,,0.0,0.0,False,下檔,True,2019-07-08,2025-10-28 18:37:33
13460,仲夏魘,37,2022-05-16,2022-06-12,28,4,0.0,0.0,0.0,0.0,0.0,2022-05-16~2022-05-22,0,0.0,,0.0,0.0,False,下檔,True,2019-07-08,2025-10-28 18:37:33
13460,仲夏魘,38,2022-06-13,2022-07-10,28,4,0.0,0.0,0.0,0.0,0.0,2022-06-13~2022-06-19,0,0.0,,0.0,0.0,False,下檔,True,2019-07-08,2025-10-28 18:37:33
13460,仲夏魘,39,2022-07-11,2022-08-07,28,4,0.0,0.0,0.0,0.0,0.0,2022-07-11~2022-07-17,0,0.0,,0.0,0.0,False,下檔,True,2019-07-08,2025-10-28 18:37:33
13460,仲夏魘,40,2022-08-08,2022-09-04,28,4,0.0,0.0,0.0,0.0,0.0,2022-08-08~2022-08-14,0,0.0,,0.0,0.0,False,下檔,True,2019-07-08,2025-10-28 18:37:33
13460,仲夏魘,41,2022-09-05,2022-10-02,28,4,0.0,0.0,0.0,0.0,0.0,2022-09-05~2022-09-11,0,0.0,,0.0,0.0,False,下檔,True,2019-07-08,2025-10-28 18:37:33
13460,仲夏魘,42,2022-10-03,2022-10-30,28,4,0.0,0.0,0.0,0.0,0.0,2022-10-03~2022-10-09,0,0.0,,0.0,0.0,False,下檔,True,2019-07-08,2025-10-28 18:37:33
13460,仲夏魘,43,2022-10-31,2022-11-27,28,4,0.0,0.0,0.0,0.0,0.0,2022-10-31~2022-11-06,0,0.0,,0.0,0.0,False,下檔,True,2019-07-08,2025-10-28 18:37:33
13460,仲夏魘,44,2022-11-28,2022-12-25,28,4,0.0,0.0,0.0,0.0,0.0,2022-11-28~2022-12-04,0,0.0,,0.0,0.0,False,下檔,True,2019-07-08,2025-10-28 18:37:33
13460,仲夏魘,45,2022-12-26,2023-01-22,28,4,0.0,0.0,0.0,0.0,0.0,2022-12-26~2023-01-01,0,0.0,,0.0,0.0,False,下檔,True,2019-07-08,2025-10-28 18:37:33
13460,仲夏魘,46,2023-01-23,2023-02-19,28,4,0.0,0.0,0.0,0.0,0.0,2023-01-23~2023-01-29,0,0.0,,0.0,0.0,False,下檔,True,2019-07-08,2025-10-28 18:37:33
13460,仲夏魘,47,2023-02-20,2023-03-19,28,4,0.0,0.0,0.0,0.0,0.0,2023-02-20~2023-02-26,0,0.0,,0.0,0.0,False,下檔,True,2019-07-08,2025-10-28 18:37:33
13460,仲夏魘,48,2023-03-20,2023-04-16,28,4,0.0,0.0,0.0,0.0,0.0,2023-03-20~2023-03-26,0,0.0,,0.0,0.0,False,下檔,True,2019-07-08,2025-10-28 18:37:33
13460,仲夏魘,49,2023-04-17,2023-05-14,28,4,0.0,0.0,0.0,0.0,0.0,2023-04-17~2023-04-23,0,0.0,,0.0,0.0,False,下檔,True,2019-07-08,2025-10-28 18:37:33
13460,仲夏魘,50,2023-05-15,2023-06-11,28,4,0.0,0.0,0.0,0.0,0.0,2023-05-15~2023-05-21,0,0.0,,0.0,0.0,False,下檔,True,2019-07-08,2025-10-28 18:37:33
13460,仲夏魘,51,2023-06-12,2023-07-09,28,4,0.0,0.0,0.0,0.0,0.0,2023-06-12~2023-06-18,0,0.0,,0.0,0.0,False,下檔,True,2019-07-08,2025-10-28 18:37:33
13460,仲夏魘,52,2023-07-10,2023-08-06,28,4,0.0,0.0,0.0,0.0,0.0,2023-07-10~2023-07-16,0,0.0,,0.0,0.0,False,下檔,True,2019-07-08,2025-10-28 18:37:33
13460,仲夏魘,53,2023-08-07,2023-09-03,28,4,0.0,0.0,0.0,0.0,0.0,2023-08-07~2023-08-13,0,0.0,,0.0,0.0,False,下檔,True,2019-07-08,2025-10-28 18:37:33
13460,仲夏魘,54,2023-09-04,2023-10-01,28,4,0.0,0.0,0.0,0.0,0.0,2023-09-04~2023-09-10,0,0.0,,0.0,0.0,False,下檔,True,2019-07-08,2025-10-28 18:37:33
13460,仲夏魘,55,2023-10-02,2023-10-29,28,4,0.0,0.0,0.0,0.0,0.0,2023-10-02~2023-10-08,0,0.0,,0.0,0.0,False,下檔,True,2019-07-08,2025-10-28 18:37:33
13460,仲夏魘,56,2023-10-30,2023-11-26,28,4,0.0,0.0,0.0,0.0,0.0,2023-10-30~2023-11-05,0,0.0,,0.0,0.0,False,下檔,True,2019-07-08,2025-10-28 18:37:33
13460,仲夏魘,57,2023-11-27,2023-12-24,28,4,0.0,0.0,0.0,0.0,0.0,2023-11-27~2023-12-03,0,0.0,,0.0,0.0,False,下檔,True,2019-07-08,2025-10-28 18:37:33
13460,仲夏魘,58,2023-12-25,2024-01-21,28,4,0.0,0.0,0.0,0.0,0.0,2023-12-25~2023-12-31,0,0.0,,0.0,0.0,False,下檔,True,2019-07-08,2025-10-28 18:37:33
13460,仲夏魘,59,2024-01-22,2024-02-18,28,4,0.0,0.0,0.0,0.0,0.0,2024-01-22~2024-01-28,0,0.0,,0.0,0.0,False,下檔,True,2019-07-08,2025-10-28 18:37:33
13460,仲夏魘,60,2024-02-19,2024-03-17,28,4,0.0,0.0,0.0,0.0,0.0,2024-02-19~2024-02-25,0,0.0,,0.0,0.0,False,下檔,True,2019-07-08,2025-10-28 18:37:33
13460,仲夏魘,61,2024-03-18,2024-04-14,28,4,0.0,0.0,0.0,0.0,0.0,2024-03-18~2024-03-24,0,0.0,,0.0,0.0,False,下檔,True,2019-07-08,2025-10-28 18:37:33
13460,仲夏魘,62,2024-04-15,2024-05-12,28,4,0.0,0.0,0.0,0.0,0.0,2024-04-15~2024-04-21,0,0.0,,0.0,0.0,False,下檔,True,2019-07-08,2025-10-28 18:37:33
13460,仲夏魘,63,2024-05-13,2024-06-09,28,4,0.0,0.0,0.0,0.0,0.0,2024-05-13~2024-05-19,0,0.0,,0.0,0.0,False,下檔,True,2019-07-08,2025-10-28 18:37:33
13460,仲夏魘,64,2024-06-10,2024-07-07,28,4,0.0,0.0,0.0,0.0,0.0,2024-06-10~2024-06-16,0,0.0,,0.0,0.0,False,下檔,True,2019-07-08,2025-10-28 18:37:33
13460,仲夏魘,65,2024-07-08,2024-08-04,28,4,0.0,0.0,0.0,0.0,0.0,2024-07-08~2024-07-14,0,0.0,,0.0,0.0,False,下檔,True,2019-07-08,2025-10-28 18:37:33
13460,仲夏魘,66,2024-08-05,2024-09-01,28,4,0.0,0.0,0.0,0.0,0.0,2024-08-05~2024-08-11,0,0.0,,0.0,0.0,False,下檔,True,2019-07-08,2025-10-28 18:37:33
13460,仲夏魘,67,2024-09-02,2024-09-29,28,4,0.0,0.0,0.0,0.0,0.0,2024-09-02~2024-09-08,0,0.0,,0.0,0.0,False,下檔,True,2019-07-08,2025-10-28 18:37:33
13460,仲夏魘,68,2024-09-30,2024-10-27,28,4,0.0,0.0,0.0,0.0,0.0,2024-09-30~2024-10-06,0,0.0,,0.0,0.0,False,下檔,True,2019-07-08,2025-10-28 18:37:33
13460,仲夏魘,69,2024-10-28,2024-11-24,28,4,0.0,0.0,0.0,0.0,0.0,2024-10-28~2024-11-03,0,0.0,,0.0,0.0,False,下檔,True,2019-07-08,2025-10-28 18:37:33
13460,仲夏魘,70,2024-11-25,2024-12-22,28,4,0.0,0.0,0.0,0.0,0.0,2024-11-25~2024-12-01,0,0.0,,0.0,0.0,False,下檔,True,2019-07-08,2025-10-28 18:37:33
13460,仲夏魘,71,2024-12-23,2025-01-19,28,4,0.0,0.0,0.0,0.0,0.0,2024-12-23~2024-12-29,0,0.0,,0.0,0.0,False,下檔,True,2019-07-08,2025-10-28 18:37:33
13460,仲夏魘,72,2025-01-20,2025-02-16,28,4,0.0,0.0,0.0,0.0,0.0,2025-01-20~2025-01-26,0,0.0,,0.0,0.0,False,下檔,True,2019-07-08,2025-10-28 18:37:33
13460,仲夏魘,73,2025-02-17,2025-03-16,28,4,0.0,0.0,0.0,0.0,0.0,2025-02-17~2025-02-23,0,0.0,,0.0,0.0,False,下檔,True,2019-07-08,2025-10-28 18:37:33
13460,仲夏魘,74,2025-03-17,2025-04-13,28,4,0.0,0.0,0.0,0.0,0.0,2025-03-17~2025-03-23,0,0.0,,0.0,0.0,False,下檔,True,2019-07-08,2025-10-28 18:37:33
13460,仲夏魘,75,2025-04-14,2025-05-11,28,4,0.0,0.0,0.0,0.0,0.0,2025-04-14~2025-04-20,0,0.0,,0.0,0.0,False,下檔,True,2019-07-08,2025-10-28 18:37:33
13460,仲夏魘,76,2025-05-12,2025-06-08,28,4,0.0,0.0,0.0,0.0,0.0,2025-05-12~2025-05-18,0,0.0,,0.0,0.0,False,下檔,True,2019-07-08,2025-10-28 18:37:33
13460,仲夏魘,77,2025-06-09,2025-07-06,28,4,0.0,0.0,0.0,0.0,0.0,2025-06-09~2025-06-15,0,0.0,,0.0,0.0,False,下檔,True,2019-07-08,2025-10-28 18:37:33
13460,仲夏魘,78,2025-07-07,2025-08-03,28,4,0.0,0.0,0.0,0.0,0.0,2025-07-07~2025-07-13,0,0.0,,0.0,0.0,False,下檔,True,2019-07-08,2025-10-28 18:37:33
13460,仲夏魘,79,2025-08-04,2025-08-31,28,4,0.0,0.0,0.0,0.0,0.0,2025-08-04~2025-08-10,0,0.0,,0.0,0.0,False,下檔,True,2019-07-08,2025-10-28 18:37:33
13460,仲夏魘,80,2025-09-01,2025-10-19,49,7,1224762.0,4577.0,174966.0,653.86,537603.0,2025-09-15~2025-09-21,38,15.0,,-0.361,-0.931,False,上映中,True,2019-07-08,2025-10-28 18:37:33
16264,阿基拉,1,2020-06-22,2020-09-20,91,13,12800173.0,44635.0,984628.69,3433.46,3944362.0,2020-06-22~2020-06-28,36,15.77,-0.088,-0.393,0.0,True,下檔,False,2020-06-22,2025-10-28 18:37:33
16264,阿基拉,2,2020-09-21,2020-10-18,28,4,0.0,0.0,0.0,0.0,0.0,2020-09-21~2020-09-27,0,0.0,,0.0,0.0,False,下檔,True,2020-06-22,2025-10-28 18:37:33
16264,阿基拉,3,2020-10-19,2020-11-15,28,4,0.0,0.0,0.0,0.0,0.0,2020-10-19~2020-10-25,0,0.0,,0.0,0.0,False,下檔,True,2020-06-22,2025-10-28 18:37:33
16264,阿基拉,4,2020-11-16,2020-12-13,28,4,0.0,0.0,0.0,0.0,0.0,2020-11-16~2020-11-22,0,0.0,,0.0,0.0,False,下檔,True,2020-06-22,2025-10-28 18:37:33
16264,阿基拉,5,2020-12-14,2021-01-10,28,4,0.0,0.0,0.0,0.0,0.0,2020-12-14~2020-12-20,0,0.0,,0.0,0.0,False,下檔,True,2020-06-22,2025-10-28 18:37:33
16264,阿基拉,6,2021-01-11,2021-02-07,28,4,0.0,0.0,0.0,0.0,0.0,2021-01-11~2021-01-17,0,0.0,,0.0,0.0,False,下檔,True,2020-06-22,2025-10-28 18:37:33
16264,阿基拉,7,2021-02-08,2021-03-07,28,4,0.0,0.0,0.0,0.0,0.0,2021-02-08~2021-02-14,0,0.0,,0.0,0.0,False,下檔,True,2020-06-22,2025-10-28 18:37:33
16264,阿基拉,8,2021-03-08,2021-04-04,28,4,0.0,0.0,0.0,0.0,0.0,2021-03-08~2021-03-14,0,0.0,,0.0,0.0,False,下檔,True,2020-06-22,2025-10-28 18:37:33
16264,阿基拉,9,2021-04-05,2021-05-02,28,4,0.0,0.0,0.0,0.0,0.0,2021-04-05~2021-04-11,0,0.0,,0.0,0.0,False,下檔,True,2020-06-22,2025-10-28 18:37:33
16264,阿基拉,10,2021-05-03,2021-05-30,28,4,0.0,0.0,0.0,0.0,0.0,2021-05-03~2021-05-09,0,0.0,,0.0,0.0,False,下檔,True,2020-06-22,2025-10-28 18:37:33
16264,阿基拉,11,2021-05-31,2021-06-27,28,4,0.0,0.0,0.0,0.0,0.0,2021-05-31~2021-06-06,0,0.0,,0.0,0.0,False,下檔,True,2020-06-22,2025-10-28 18:37:33
16264,阿基拉,12,2021-06-28,2021-07-25,28,4,0.0,0.0,0.0,0.0,0.0,2021-06-28~2021-07-04,0,0.0,,0.0,0.0,False,下檔,True,2020-06-22,2025-10-28 18:37:33
16264,阿基拉,13,2021-07-26,2021-08-22,28,4,0.0,0.0,0.0,0.0,0.0,2021-07-26~2021-08-01,0,0.0,,0.0,0.0,False,下檔,True,2020-06-22,2025-10-28 18:37:33
16264,阿基拉,14,2021-08-23,2021-09-19,28,4,0.0,0.0,0.0,0.0,0.0,2021-08-23~2021-08-29,0,0.0,,0.0,0.0,False,下檔,True,2020-06-22,2025-10-28 18:37:33
16264,阿基拉,15,2021-09-20,2021-10-17,28,4,0.0,0.0,0.0,0.0,0.0,2021-09-20~2021-09-26,0,0.0,,0.0,0.0,False,下檔,True,2020-06-22,2025-10-28 18:37:33
16264,阿基拉,16,2021-10-18,2021-11-14,28,4,0.0,0.0,0.0,0.0,0.0,2021-10-18~2021-10-24,0,0.0,,0.0,0.0,False,下檔,True,2020-06-22,2025-10-28 18:37:33
16264,阿基拉,17,2021-11-15,2021-12-12,28,4,0.0,0.0,0.0,0.0,0.0,2021-11-15~2021-11-21,0,0.0,,0.0,0.0,False,下檔,True,2020-06-22,2025-10-28 18:37:33
16264,阿基拉,18,2021-12-13,2022-01-09,28,4,0.0,0.0,0.0,0.0,0.0,2021-12-13~2021-12-19,0,0.0,,0.0,0.0,False,下檔,True,2020-06-22,2025-10-28 18:37:33
16264,阿基拉,19,2022-01-10,2022-02-06,28,4,0.0,0.0,0.0,0.0,0.0,2022-01-10~2022-01-16,0,0.0,,0.0,0.0,False,下檔,True,2020-06-22,2025-10-28 18:37:33
16264,阿基拉,20,2022-02-07,2022-03-06,28,4,0.0,0.0,0.0,0.0,0.0,2022-02-07~2022-02-13,0,0.0,,0.0,0.0,False,下檔,True,2020-06-22,2025-10-28 18:37:33
16264,阿基拉,21,2022-03-07,2022-04-03,28,4,0.0,0.0,0.0,0.0,0.0,2022-03-07~2022-03-13,0,0.0,,0.0,0.0,False,下檔,True,2020-06-22,2025-10-28 18:37:33
16264,阿基拉,22,2022-04-04,2022-05-01,28,4,0.0,0.0,0.0,0.0,0.0,2022-04-04~2022-04-10,0,0.0,,0.0,0.0,False,下檔,True,2020-06-22,2025-10-28 18:37:33
16264,阿基拉,23,2022-05-02,2022-05-29,28,4,0.0,0.0,0.0,0.0,0.0,2022-05-02~2022-05-08,0,0.0,,0.0,0.0,False,下檔,True,2020-06-22,2025-10-28 18:37:33
16264,阿基拉,24,2022-05-30,2022-06-26,28,4,0.0,0.0,0.0,0.0,0.0,2022-05-30~2022-06-05,0,0.0,,0.0,0.0,False,下檔,True,2020-06-22,2025-10-28 18:37:33
16264,阿基拉,25,2022-06-27,2022-07-24,28,4,0.0,0.0,0.0,0.0,0.0,2022-06-27~2022-07-03,0,0.0,,0.0,0.0,False,下檔,True,2020-06-22,2025-10-28 18:37:33
16264,阿基拉,26,2022-07-25,2022-08-21,28,4,0.0,0.0,0.0,0.0,0.0,2022-07-25~2022-07-31,0,0.0,,0.0,0.0,False,下檔,True,2020-06-22,2025-10-28 18:37:33
16264,阿基拉,27,2022-08-22,2022-09-18,28,4,0.0,0.0,0.0,0.0,0.0,2022-08-22~2022-08-28,0,0.0,,0.0,0.0,False,下檔,True,2020-06-22,2025-10-28 18:37:33
16264,阿基拉,28,2022-09-19,2022-10-16,28,4,0.0,0.0,0.0,0.0,0.0,2022-09-19~2022-09-25,0,0.0,,0.0,0.0,False,下檔,True,2020-06-22,2025-10-28 18:37:33
16264,阿基拉,29,2022-10-17,2022-11-13,28,4,0.0,0.0,0.0,0.0,0.0,2022-10-17~2022-10-23,0,0.0,,0.0,0.0,False,下檔,True,2020-06-22,2025-10-28 18:37:33
16264,阿基拉,30,2022-11-14,2022-12-11,28,4,0.0,0.0,0.0,0.0,0.0,2022-11-14~2022-11-20,0,0.0,,0.0,0.0,False,下檔,True,2020-06-22,2025-10-28 18:37:33
16264,阿基拉,31,2022-12-12,2023-01-08,28,4,0.0,0.0,0.0,0.0,0.0,2022-12-12~2022-12-18,0,0.0,,0.0,0.0,False,下檔,True,2020-06-22,2025-10-28 18:37:33
16264,阿基拉,32,2023-01-09,2023-02-05,28,4,0.0,0.0,0.0,0.0,0.0,2023-01-09~2023-01-15,0,0.0,,0.0,0.0,False,下檔,True,2020-06-22,2025-10-28 18:37:33
16264,阿基拉,33,2023-02-06,2023-03-05,28,4,0.0,0.0,0.0,0.0,0.0,2023-02-06~2023-02-12,0,0.0,,0.0,0.0,False,下檔,True,2020-06-22,2025-10-28 18:37:33
16264,阿基拉,34,2023-03-06,2023-04-02,28,4,0.0,0.0,0.0,0.0,0.0,2023-03-06~2023-03-12,0,0.0,,0.0,0.0,False,下檔,True,2020-06-22,2025-10-28 18:37:33
16264,阿基拉,35,2023-04-03,2023-04-30,28,4,0.0,0.0,0.0,0.0,0.0,2023-04-03~2023-04-09,0,0.0,,0.0,0.0,False,下檔,True,2020-06-22,2025-10-28 18:37:33
16264,阿基拉,36,2023-05-01,2023-05-28,28,4,0.0,0.0,0.0,0.0,0.0,2023-05-01~2023-05-07,0,0.0,,0.0,0.0,False,下檔,True,2020-06-22,2025-10-28 18:37:33
16264,阿基拉,37,2023-05-29,2023-06-25,28,4,0.0,0.0,0.0,0.0,0.0,2023-05-29~2023-06-04,0,0.0,,0.0,0.0,False,下檔,True,2020-06-22,2025-10-28 18:37:33
16264,阿基拉,38,2023-06-26,2023-07-23,28,4,0.0,0.0,0.0,0.0,0.0,2023-06-26~2023-07-02,0,0.0,,0.0,0.0,False,下檔,True,2020-06-22,2025-10-28 18:37:33
16264,阿基拉,39,2023-07-24,2023-08-20,28,4,0.0,0.0,0.0,0.0,0.0,2023-07-24~2023-07-30,0,0.0,,0.0,0.0,False,下檔,True,2020-06-22,2025-10-28 18:37:33
16264,阿基拉,40,2023-08-21,2023-09-17,28,4,0.0,0.0,0.0,0.0,0.0,2023-08-21~2023-08-27,0,0.0,,0.0,0.0,False,下檔,True,2020-06-22,2025-10-28 18:37:33
16264,阿基拉,41,2023-09-18,2023-11-26,70,10,5335.0,25.0,533.5,2.5,2710.0,2023-10-30~2023-11-05,1,0.2,,-0.2,0.0,False,下檔,True,2020-06-22,2025-10-28 18:37:33
16264,阿基拉,42,2023-11-27,2023-12-24,28,4,0.0,0.0,0.0,0.0,0.0,2023-11-27~2023-12-03,0,0.0,,0.0,0.0,False,下檔,True,2020-06-22,2025-10-28 18:37:33
16264,阿基拉,43,2023-12-25,2024-01-21,28,4,0.0,0.0,0.0,0.0,0.0,2023-12-25~2023-12-31,0,0.0,,0.0,0.0,False,下檔,True,2020-06-22,2025-10-28 18:37:33
16264,阿基拉,44,2024-01-22,2024-02-18,28,4,0.0,0.0,0.0,0.0,0.0,2024-01-22~2024-01-28,0,0.0,,0.0,0.0,False,下檔,True,2020-06-22,2025-10-28 18:37:33
16264,阿基拉,45,2024-02-19,2024-03-17,28,4,0.0,0.0,0.0,0.0,0.0,2024-02-19~2024-02-25,0,0.0,,0.0,0.0,False,下檔,True,2020-06-22,2025-10-28 18:37:33
16264,阿基拉,46,2024-03-18,2024-04-14,28,4,0.0,0.0,0.0,0.0,0.0,2024-03-18~2024-03-24,0,0.0,,0.0,0.0,False,下檔,True,2020-06-22,2025-10-28 18:37:33
16264,阿基拉,47,2024-04-15,2024-05-12,28,4,0.0,0.0,0.0,0.0,0.0,2024-04-15~2024-04-21,0,0.0,,0.0,0.0,False,下檔,True,2020-06-22,2025-10-28 18:37:33
16264,阿基拉,48,2024-05-13,2024-06-09,28,4,0.0,0.0,0.0,0.0,0.0,2024-05-13~2024-05-19,0,0.0,,0.0,0.0,False,下檔,True,2020-06-22,2025-10-28 18:37:33
16264,阿基拉,49,2024-06-10,2024-07-07,28,4,0.0,0.0,0.0,0.0,0.0,2024-06-10~2024-06-16,0,0.0,,0.0,0.0,False,下檔,True,2020-06-22,2025-10-28 18:37:33
16264,阿基拉,50,2024-07-08,2024-08-04,28,4,0.0,0.0,0.0,0.0,0.0,2024-07-08~2024-07-14,0,0.0,,0.0,0.0,False,下檔,True,2020-06-22,2025-10-28 18:37:33
16264,阿基拉,51,2024-08-05,2024-09-01,28,4,0.0,0.0,0.0,0.0,0.0,2024-08-05~2024-08-11,0,0.0,,0.0,0.0,False,下檔,True,2020-06-22,2025-10-28 18:37:33
16264,阿基拉,52,2024-09-02,2024-09-29,28,4,0.0,0.0,0.0,0.0,0.0,2024-09-02~2024-09-08,0,0.0,,0.0,0.0,False,下檔,True,2020-06-22,2025-10-28 18:37:33
16264,阿基拉,53,2024-09-30,2024-10-27,28,4,0.0,0.0,0.0,0.0,0.0,2024-09-30~2024-10-06,0,0.0,,0.0,0.0,False,下檔,True,2020-06-22,2025-10-28 18:37:33
16264,阿基拉,54,2024-10-28,2024-11-24,28,4,0.0,0.0,0.0,0.0,0.0,2024-10-28~2024-11-03,0,0.0,,0.0,0.0,False,下檔,True,2020-06-22,2025-10-28 18:37:33
16264,阿基拉,55,2024-11-25,2024-12-22,28,4,0.0,0.0,0.0,0.0,0.0,2024-11-25~2024-12-01,0,0.0,,0.0,0.0,False,下檔,True,2020-06-22,2025-10-28 18:37:33
16264,阿基拉,56,2024-12-23,2025-01-19,28,4,0.0,0.0,0.0,0.0,0.0,2024-12-23~2024-12-29,0,0.0,,0.0,0.0,False,下檔,True,2020-06-22,2025-10-28 18:37:33
16264,阿基拉,57,2025-01-20,2025-02-16,28,4,0.0,0.0,0.0,0.0,0.0,2025-01-20~2025-01-26,0,0.0,,0.0,0.0,False,下檔,True,2020-06-22,2025-10-28 18:37:33
16264,阿基拉,58,2025-02-17,2025-04-20,63,9,94551.0,321.0,10505.67,35.67,44490.0,2025-03-24~2025-03-30,1,0.33,,-0.173,0.0,False,下檔,True,2020-06-22,2025-10-28 18:37:33
16264,阿基拉,59,2025-04-21,2025-05-18,28,4,0.0,0.0,0.0,0.0,0.0,2025-04-21~2025-04-27,0,0.0,,0.0,0.0,False,下檔,True,2020-06-22,2025-10-28 18:37:33
16264,阿基拉,60,2025-05-19,2025-06-15,28,4,0.0,0.0,0.0,0.0,0.0,2025-05-19~2025-05-25,0,0.0,,0.0,0.0,False,下檔,True,2020-06-22,2025-10-28 18:37:33
16264,阿基拉,61,2025-06-16,2025-07-27,42,6,2370321.0,9001.0,395053.5,1500.17,1471762.0,2025-06-23~2025-06-29,52,24.33,,-0.438,-0.696,False,上映中,True,2020-06-22,2025-10-28 18:37:33
17126,幻愛,1,2020-10-12,2021-01-10,91,13,943613.0,4123.0,72585.62,317.15,280921.0,2020-10-12~2020-10-18,15,5.38,-0.025,-0.325,0.0,True,下檔,False,2020-10-12,2025-10-28 18:37:33
17126,幻愛,2,2021-01-11,2021-02-07,28,4,0.0,0.0,0.0,0.0,0.0,2021-01-11~2021-01-17,0,0.0,,0.0,0.0,False,下檔,True,2020-10-12,2025-10-28 18:37:33
17126,幻愛,3,2021-02-08,2021-03-07,28,4,0.0,0.0,0.0,0.0,0.0,2021-02-08~2021-02-14,0,0.0,,0.0,0.0,False,下檔,True,2020-10-12,2025-10-28 18:37:33
17126,幻愛,4,2021-03-08,2021-04-04,28,4,0.0,0.0,0.0,0.0,0.0,2021-03-08~2021-03-14,0,0.0,,0.0,0.0,False,下檔,True,2020-10-12,2025-10-28 18:37:33
17126,幻愛,5,2021-04-05,2021-05-02,28,4,0.0,0.0,0.0,0.0,0.0,2021-04-05~2021-04-11,0,0.0,,0.0,0.0,False,下檔,True,2020-10-12,2025-10-28 18:37:33
17126,幻愛,6,2021-05-03,2021-05-30,28,4,0.0,0.0,0.0,0.0,0.0,2021-05-03~2021-05-09,0,0.0,,0.0,0.0,False,下檔,True,2020-10-12,2025-10-28 18:37:33
17126,幻愛,7,2021-05-31,2021-06-27,28,4,0.0,0.0,0.0,0.0,0.0,2021-05-31~2021-06-06,0,0.0,,0.0,0.0,False,下檔,True,2020-10-12,2025-10-28 18:37:33
17126,幻愛,8,2021-06-28,2021-07-25,28,4,0.0,0.0,0.0,0.0,0.0,2021-06-28~2021-07-04,0,0.0,,0.0,0.0,False,下檔,True,2020-10-12,2025-10-28 18:37:33
17126,幻愛,9,2021-07-26,2021-08-22,28,4,0.0,0.0,0.0,0.0,0.0,2021-07-26~2021-08-01,0,0.0,,0.0,0.0,False,下檔,True,2020-10-12,2025-10-28 18:37:33
17126,幻愛,10,2021-08-23,2021-09-19,28,4,0.0,0.0,0.0,0.0,0.0,2021-08-23~2021-08-29,0,0.0,,0.0,0.0,False,下檔,True,2020-10-12,2025-10-28 18:37:33
17126,幻愛,11,2021-09-20,2021-10-17,28,4,0.0,0.0,0.0,0.0,0.0,2021-09-20~2021-09-26,0,0.0,,0.0,0.0,False,下檔,True,2020-10-12,2025-10-28 18:37:33
17126,幻愛,12,2021-10-18,2021-11-14,28,4,0.0,0.0,0.0,0.0,0.0,2021-10-18~2021-10-24,0,0.0,,0.0,0.0,False,下檔,True,2020-10-12,2025-10-28 18:37:33
17126,幻愛,13,2021-11-15,2021-12-12,28,4,0.0,0.0,0.0,0.0,0.0,2021-11-15~2021-11-21,0,0.0,,0.0,0.0,False,下檔,True,2020-10-12,2025-10-28 18:37:33
17126,幻愛,14,2021-12-13,2022-01-09,28,4,0.0,0.0,0.0,0.0,0.0,2021-12-13~2021-12-19,0,0.0,,0.0,0.0,False,下檔,True,2020-10-12,2025-10-28 18:37:33
17126,幻愛,15,2022-01-10,2022-02-06,28,4,0.0,0.0,0.0,0.0,0.0,2022-01-10~2022-01-16,0,0.0,,0.0,0.0,False,下檔,True,2020-10-12,2025-10-28 18:37:33
17126,幻愛,16,2022-02-07,2022-03-06,28,4,0.0,0.0,0.0,0.0,0.0,2022-02-07~2022-02-13,0,0.0,,0.0,0.0,False,下檔,True,2020-10-12,2025-10-28 18:37:33
17126,幻愛,17,2022-03-07,2022-04-03,28,4,0.0,0.0,0.0,0.0,0.0,2022-03-07~2022-03-13,0,0.0,,0.0,0.0,False,下檔,True,2020-10-12,2025-10-28 18:37:33
17126,幻愛,18,2022-04-04,2022-05-01,28,4,0.0,0.0,0.0,0.0,0.0,2022-04-04~2022-04-10,0,0.0,,0.0,0.0,False,下檔,True,2020-10-12,2025-10-28 18:37:33
17126,幻愛,19,2022-05-02,2022-05-29,28,4,0.0,0.0,0.0,0.0,0.0,2022-05-02~2022-05-08,0,0.0,,0.0,0.0,False,下檔,True,2020-10-12,2025-10-28 18:37:33
17126,幻愛,20,2022-05-30,2022-06-26,28,4,0.0,0.0,0.0,0.0,0.0,2022-05-30~2022-06-05,0,0.0,,0.0,0.0,False,下檔,True,2020-10-12,2025-10-28 18:37:33
17126,幻愛,21,2022-06-27,2022-07-24,28,4,0.0,0.0,0.0,0.0,0.0,2022-06-27~2022-07-03,0,0.0,,0.0,0.0,False,下檔,True,2020-10-12,2025-10-28 18:37:33
17126,幻愛,22,2022-07-25,2022-08-21,28,4,0.0,0.0,0.0,0.0,0.0,2022-07-25~2022-07-31,0,0.0,,0.0,0.0,False,下檔,True,2020-10-12,2025-10-28 18:37:33
17126,幻愛,23,2022-08-22,2022-09-18,28,4,0.0,0.0,0.0,0.0,0.0,2022-08-22~2022-08-28,0,0.0,,0.0,0.0,False,下檔,True,2020-10-12,2025-10-28 18:37:33
17126,幻愛,24,2022-09-19,2022-10-16,28,4,0.0,0.0,0.0,0.0,0.0,2022-09-19~2022-09-25,0,0.0,,0.0,0.0,False,下檔,True,2020-10-12,2025-10-28 18:37:33
17126,幻愛,25,2022-10-17,2022-11-13,28,4,0.0,0.0,0.0,0.0,0.0,2022-10-17~2022-10-23,0,0.0,,0.0,0.0,False,下檔,True,2020-10-12,2025-10-28 18:37:33
17126,幻愛,26,2022-11-14,2022-12-11,28,4,0.0,0.0,0.0,0.0,0.0,2022-11-14~2022-11-20,0,0.0,,0.0,0.0,False,下檔,True,2020-10-12,2025-10-28 18:37:33
17126,幻愛,27,2022-12-12,2023-01-08,28,4,0.0,0.0,0.0,0.0,0.0,2022-12-12~2022-12-18,0,0.0,,0.0,0.0,False,下檔,True,2020-10-12,2025-10-28 18:37:33
17126,幻愛,28,2023-01-09,2023-02-05,28,4,0.0,0.0,0.0,0.0,0.0,2023-01-09~2023-01-15,0,0.0,,0.0,0.0,False,下檔,True,2020-10-12,2025-10-28 18:37:33
17126,幻愛,29,2023-02-06,2023-03-05,28,4,0.0,0.0,0.0,0.0,0.0,2023-02-06~2023-02-12,0,0.0,,0.0,0.0,False,下檔,True,2020-10-12,2025-10-28 18:37:33
17126,幻愛,30,2023-03-06,2023-04-02,28,4,0.0,0.0,0.0,0.0,0.0,2023-03-06~2023-03-12,0,0.0,,0.0,0.0,False,下檔,True,2020-10-12,2025-10-28 18:37:33
17126,幻愛,31,2023-04-03,2023-04-30,28,4,0.0,0.0,0.0,0.0,0.0,2023-04-03~2023-04-09,0,0.0,,0.0,0.0,False,下檔,True,2020-10-12,2025-10-28 18:37:33
17126,幻愛,32,2023-05-01,2023-05-28,28,4,0.0,0.0,0.0,0.0,0.0,2023-05-01~2023-05-07,0,0.0,,0.0,0.0,False,下檔,True,2020-10-12,2025-10-28 18:37:33
17126,幻愛,33,2023-05-29,2023-06-25,28,4,0.0,0.0,0.0,0.0,0.0,2023-05-29~2023-06-04,0,0.0,,0.0,0.0,False,下檔,True,2020-10-12,2025-10-28 18:37:33
17126,幻愛,34,2023-06-26,2023-07-23,28,4,0.0,0.0,0.0,0.0,0.0,2023-06-26~2023-07-02,0,0.0,,0.0,0.0,False,下檔,True,2020-10-12,2025-10-28 18:37:33
17126,幻愛,35,2023-07-24,2023-08-20,28,4,0.0,0.0,0.0,0.0,0.0,2023-07-24~2023-07-30,0,0.0,,0.0,0.0,False,下檔,True,2020-10-12,2025-10-28 18:37:33
17126,幻愛,36,2023-08-21,2023-09-17,28,4,0.0,0.0,0.0,0.0,0.0,2023-08-21~2023-08-27,0,0.0,,0.0,0.0,False,下檔,True,2020-10-12,2025-10-28 18:37:33
17126,幻愛,37,2023-09-18,2023-10-15,28,4,0.0,0.0,0.0,0.0,0.0,2023-09-18~2023-09-24,0,0.0,,0.0,0.0,False,下檔,True,2020-10-12,2025-10-28 18:37:33
17126,幻愛,38,2023-10-16,2023-11-12,28,4,0.0,0.0,0.0,0.0,0.0,2023-10-16~2023-10-22,0,0.0,,0.0,0.0,False,下檔,True,2020-10-12,2025-10-28 18:37:33
17126,幻愛,39,2023-11-13,2023-12-10,28,4,0.0,0.0,0.0,0.0,0.0,2023-11-13~2023-11-19,0,0.0,,0.0,0.0,False,下檔,True,2020-10-12,2025-10-28 18:37:33
17126,幻愛,40,2023-12-11,2024-01-07,28,4,0.0,0.0,0.0,0.0,0.0,2023-12-11~2023-12-17,0,0.0,,0.0,0.0,False,下檔,True,2020-10-12,2025-10-28 18:37:33
17126,幻愛,41,2024-01-08,2024-02-04,28,4,0.0,0.0,0.0,0.0,0.0,2024-01-08~2024-01-14,0,0.0,,0.0,0.0,False,下檔,True,2020-10-12,2025-10-28 18:37:33
17126,幻愛,42,2024-02-05,2024-03-03,28,4,0.0,0.0,0.0,0.0,0.0,2024-02-05~2024-02-11,0,0.0,,0.0,0.0,False,下檔,True,2020-10-12,2025-10-28 18:37:33
17126,幻愛,43,2024-03-04,2024-03-31,28,4,0.0,0.0,0.0,0.0,0.0,2024-03-04~2024-03-10,0,0.0,,0.0,0.0,False,下檔,True,2020-10-12,2025-10-28 18:37:33
17126,幻愛,44,2024-04-01,2024-04-28,28,4,0.0,0.0,0.0,0.0,0.0,2024-04-01~2024-04-07,0,0.0,,0.0,0.0,False,下檔,True,2020-10-12,2025-10-28 18:37:33
17126,幻愛,45,2024-04-29,2024-05-26,28,4,0.0,0.0,0.0,0.0,0.0,2024-04-29~2024-05-05,0,0.0,,0.0,0.0,False,下檔,True,2020-10-12,2025-10-28 18:37:33
17126,幻愛,46,2024-05-27,2024-06-23,28,4,0.0,0.0,0.0,0.0,0.0,2024-05-27~2024-06-02,0,0.0,,0.0,0.0,False,下檔,True,2020-10-12,2025-10-28 18:37:33
17126,幻愛,47,2024-06-24,2024-08-18,56,8,17940.0,85.0,2242.5,10.62,17940.0,2024-07-22~2024-07-28,4,0.5,,-0.125,0.0,False,下檔,True,2020-10-12,2025-10-28 18:37:33
17126,幻愛,48,2024-08-19,2024-09-15,28,4,0.0,0.0,0.0,0.0,0.0,2024-08-19~2024-08-25,0,0.0,,0.0,0.0,False,下檔,True,2020-10-12,2025-10-28 18:37:33
17126,幻愛,49,2024-09-16,2024-10-13,28,4,0.0,0.0,0.0,0.0,0.0,2024-09-16~2024-09-22,0,0.0,,0.0,0.0,False,下檔,True,2020-10-12,2025-10-28 18:37:33
17126,幻愛,50,2024-10-14,2024-11-10,28,4,0.0,0.0,0.0,0.0,0.0,2024-10-14~2024-10-20,0,0.0,,0.0,0.0,False,下檔,True,2020-10-12,2025-10-28 18:37:33
17126,幻愛,51,2024-11-11,2024-12-08,28,4,0.0,0.0,0.0,0.0,0.0,2024-11-11~2024-11-17,0,0.0,,0.0,0.0,False,下檔,True,2020-10-12,2025-10-28 18:37:33
17126,幻愛,52,2024-12-09,2025-01-05,28,4,0.0,0.0,0.0,0.0,0.0,2024-12-09~2024-12-15,0,0.0,,0.0,0.0,False,下檔,True,2020-10-12,2025-10-28 18:37:33
17126,幻愛,53,2025-01-06,2025-02-02,28,4,0.0,0.0,0.0,0.0,0.0,2025-01-06~2025-01-12,0,0.0,,0.0,0.0,False,下檔,True,2020-10-12,2025-10-28 18:37:33
17126,幻愛,54,2025-02-03,2025-03-02,28,4,0.0,0.0,0.0,0.0,0.0,2025-02-03~2025-02-09,0,0.0,,0.0,0.0,False,下檔,True,2020-10-12,2025-10-28 18:37:33
17126,幻愛,55,2025-03-03,2025-03-30,28,4,0.0,0.0,0.0,0.0,0.0,2025-03-03~2025-03-09,0,0.0,,0.0,0.0,False,下檔,True,2020-10-12,2025-10-28 18:37:33
17126,幻愛,56,2025-03-31,2025-04-27,28,4,0.0,0.0,0.0,0.0,0.0,2025-03-31~2025-04-06,0,0.0,,0.0,0.0,False,下檔,True,2020-10-12,2025-10-28 18:37:33
17126,幻愛,57,2025-04-28,2025-05-25,28,4,0.0,0.0,0.0,0.0,0.0,2025-04-28~2025-05-04,0,0.0,,0.0,0.0,False,下檔,True,2020-10-12,2025-10-28 18:37:33
17126,幻愛,58,2025-05-26,2025-06-22,28,4,0.0,0.0,0.0,0.0,0.0,2025-05-26~2025-06-01,0,0.0,,0.0,0.0,False,下檔,True,2020-10-12,2025-10-28 18:37:33
17126,幻愛,59,2025-06-23,2025-07-20,28,4,0.0,0.0,0.0,0.0,0.0,2025-06-23~2025-06-29,0,0.0,,0.0,0.0,False,下檔,True,2020-10-12,2025-10-28 18:37:33
17126,幻愛,60,2025-07-21,2025-08-17,28,4,0.0,0.0,0.0,0.0,0.0,2025-07-21~2025-07-27,0,0.0,,0.0,0.0,False,下檔,True,2020-10-12,2025-10-28 18:37:33
17126,幻愛,61,2025-08-18,2025-09-14,28,4,0.0,0.0,0.0,0.0,0.0,2025-08-18~2025-08-24,0,0.0,,0.0,0.0,False,下檔,True,2020-10-12,2025-10-28 18:37:33
17126,幻愛,62,2025-09-15,2025-10-19,35,5,6020.0,21.0,1204.0,4.2,6020.0,2025-10-13~2025-10-19,1,0.2,,0.0,0.0,False,上映中,True,2020-10-12,2025-10-28 18:37:33
22894,一一,1,2025-09-15,2025-10-19,35,5,4680888.0,17420.0,936177.6,3484.0,1623554.0,2025-09-22~2025-09-28,25,20.8,0.288,-0.239,-0.738,False,上映中,False,2025-09-15,2025-10-28 18:37:33
23548,日麗,1,2023-01-23,2023-07-30,189,27,5341314.0,22297.0,197826.44,825.81,1462053.0,2023-02-13~2023-02-19,16,4.22,-1.0,-0.279,0.0,True,下檔,False,2023-01-23,2025-10-28 18:37:33
23548,日麗,2,2023-07-31,2023-09-03,35,5,24395.0,102.0,4879.0,20.4,24395.0,2023-08-07~2023-08-13,1,0.2,,-0.2,0.0,False,下檔,True,2023-01-23,2025-10-28 18:37:33
23548,日麗,3,2023-09-04,2023-10-01,28,4,0.0,0.0,0.0,0.0,0.0,2023-09-04~2023-09-10,0,0.0,,0.0,0.0,False,下檔,True,2023-01-23,2025-10-28 18:37:33
23548,日麗,4,2023-10-02,2023-10-29,28,4,0.0,0.0,0.0,0.0,0.0,2023-10-02~2023-10-08,0,0.0,,0.0,0.0,False,下檔,True,2023-01-23,2025-10-28 18:37:33
23548,日麗,5,2023-10-30,2023-11-26,28,4,0.0,0.0,0.0,0.0,0.0,2023-10-30~2023-11-05,0,0.0,,0.0,0.0,False,下檔,True,2023-01-23,2025-10-28 18:37:33
23548,日麗,6,2023-11-27,2023-12-24,28,4,0.0,0.0,0.0,0.0,0.0,2023-11-27~2023-12-03,0,0.0,,0.0,0.0,False,下檔,True,2023-01-23,2025-10-28 18:37:33
23548,日麗,7,2023-12-25,2024-01-21,28,4,0.0,0.0,0.0,0.0,0.0,2023-12-25~2023-12-31,0,0.0,,0.0,0.0,False,下檔,True,2023-01-23,2025-10-28 18:37:33
23548,日麗,8,2024-01-22,2024-03-03,42,6,29300.0,122.0,4883.33,20.33,29300.0,2024-02-05~2024-02-11,1,0.17,,-0.167,0.0,False,下檔,True,2023-01-23,2025-10-28 18:37:33
23548,日麗,9,2024-03-04,2024-03-31,28,4,0.0,0.0,0.0,0.0,0.0,2024-03-04~2024-03-10,0,0.0,,0.0,0.0,False,下檔,True,2023-01-23,2025-10-28 18:37:33
23548,日麗,10,2024-04-01,2024-04-28,28,4,0.0,0.0,0.0,0.0,0.0,2024-04-01~2024-04-07,0,0.0,,0.0,0.0,False,下檔,True,2023-01-23,2025-10-28 18:37:33
23548,日麗,11,2024-04-29,2024-05-26,28,4,0.0,0.0,0.0,0.0,0.0,2024-04-29~2024-05-05,0,0.0,,0.0,0.0,False,下檔,True,2023-01-23,2025-10-28 18:37:33
23548,日麗,12,2024-05-27,2024-06-23,28,4,0.0,0.0,0.0,0.0,0.0,2024-05-27~2024-06-02,0,0.0,,0.0,0.0,False,下檔,True,2023-01-23,2025-10-28 18:37:33
23548,日麗,13,2024-06-24,2024-07-21,28,4,0.0,0.0,0.0,0.0,0.0,2024-06-24~2024-06-30,0,0.0,,0.0,0.0,False,下檔,True,2023-01-23,2025-10-28 18:37:33
23548,日麗,14,2024-07-22,2024-09-01,42,6,30205.0,125.0,5034.17,20.83,30205.0,2024-08-05~2024-08-11,1,0.17,,-0.167,0.0,False,下檔,True,2023-01-23,2025-10-28 18:37:33
23548,日麗,15,2024-09-02,2024-09-29,28,4,0.0,0.0,0.0,0.0,0.0,2024-09-02~2024-09-08,0,0.0,,0.0,0.0,False,下檔,True,2023-01-23,2025-10-28 18:37:33
23548,日麗,16,2024-09-30,2024-10-27,28,4,0.0,0.0,0.0,0.0,0.0,2024-09-30~2024-10-06,0,0.0,,0.0,0.0,False,下檔,True,2023-01-23,2025-10-28 18:37:33
23548,日麗,17,2024-10-28,2024-11-24,28,4,0.0,0.0,0.0,0.0,0.0,2024-10-28~2024-11-03,0,0.0,,0.0,0.0,False,下檔,True,2023-01-23,2025-10-28 18:37:33
23548,日麗,18,2024-11-25,2024-12-22,28,4,0.0,0.0,0.0,0.0,0.0,2024-11-25~2024-12-01,0,0.0,,0.0,0.0,False,下檔,True,2023-01-23,2025-10-28 18:37:33
23548,日麗,19,2024-12-23,2025-01-19,28,4,0.0,0.0,0.0,0.0,0.0,2024-12-23~2024-12-29,0,0.0,,0.0,0.0,False,下檔,True,2023-01-23,2025-10-28 18:37:33
23548,日麗,20,2025-01-20,2025-03-02,42,6,34320.0,182.0,5720.0,30.33,34320.0,2025-02-03~2025-02-09,1,0.17,,-0.167,0.0,False,下檔,True,2023-01-23,2025-10-28 18:37:33
23548,日麗,21,2025-03-03,2025-03-30,28,4,0.0,0.0,0.0,0.0,0.0,2025-03-03~2025-03-09,0,0.0,,0.0,0.0,False,下檔,True,2023-01-23,2025-10-28 18:37:33
23548,日麗,22,2025-03-31,2025-04-27,28,4,0.0,0.0,0.0,0.0,0.0,2025-03-31~2025-04-06,0,0.0,,0.0,0.0,False,下檔,True,2023-01-23,2025-10-28 18:37:33
23548,日麗,23,2025-04-28,2025-05-25,28,4,0.0,0.0,0.0,0.0,0.0,2025-04-28~2025-05-04,0,0.0,,0.0,0.0,False,下檔,True,2023-01-23,2025-10-28 18:37:33
23548,日麗,24,2025-05-26,2025-06-22,28,4,0.0,0.0,0.0,0.0,0.0,2025-05-26~2025-06-01,0,0.0,,0.0,0.0,False,下檔,True,2023-01-23,2025-10-28 18:37:33
23548,日麗,25,2025-06-23,2025-07-20,28,4,0.0,0.0,0.0,0.0,0.0,2025-06-23~2025-06-29,0,0.0,,0.0,0.0,False,下檔,True,2023-01-23,2025-10-28 18:37:33
23548,日麗,26,2025-07-21,2025-08-31,42,6,334448.0,1310.0,55741.33,218.33,334448.0,2025-08-04~2025-08-10,8,1.33,,-0.167,0.0,False,下檔,True,2023-01-23,2025-10-28 18:37:33
23548,日麗,27,2025-09-01,2025-10-19,49,7,188491.0,639.0,26927.29,91.29,67575.0,2025-09-22~2025-09-28,1,0.43,,-0.142,0.008,False,上映中,True,2023-01-23,2025-10-28 18:37:33
24046,寶可噩夢,1,2023-04-17,2023-06-25,70,10,1653627.0,6186.0,165362.7,618.6,677741.0,2023-04-24~2023-04-30,74,23.2,0.116,-0.429,0.0,False,下檔,False,2023-04-17,2025-10-28 18:37:33
24046,寶可噩夢,2,2023-06-26,2023-07-23,28,4,0.0,0.0,0.0,0.0,0.0,2023-06-26~2023-07-02,0,0.0,,0.0,0.0,False,下檔,True,2023-04-17,2025-10-28 18:37:33
24046,寶可噩夢,3,2023-07-24,2023-08-20,28,4,0.0,0.0,0.0,0.0,0.0,2023-07-24~2023-07-30,0,0.0,,0.0,0.0,False,下檔,True,2023-04-17,2025-10-28 18:37:33
24046,寶可噩夢,4,2023-08-21,2023-09-17,28,4,0.0,0.0,0.0,0.0,0.0,2023-08-21~2023-08-27,0,0.0,,0.0,0.0,False,下檔,True,2023-04-17,2025-10-28 18:37:33
24046,寶可噩夢,5,2023-09-18,2023-10-15,28,4,0.0,0.0,0.0,0.0,0.0,2023-09-18~2023-09-24,0,0.0,,0.0,0.0,False,下檔,True,2023-04-17,2025-10-28 18:37:33
24046,寶可噩夢,6,2023-10-16,2023-11-12,28,4,0.0,0.0,0.0,0.0,0.0,2023-10-16~2023-10-22,0,0.0,,0.0,0.0,False,下檔,True,2023-04-17,2025-10-28 18:37:33
24046,寶可噩夢,7,2023-11-13,2023-12-10,28,4,0.0,0.0,0.0,0.0,0.0,2023-11-13~2023-11-19,0,0.0,,0.0,0.0,False,下檔,True,2023-04-17,2025-10-28 18:37:33
24046,寶可噩夢,8,2023-12-11,2024-01-07,28,4,0.0,0.0,0.0,0.0,0.0,2023-12-11~2023-12-17,0,0.0,,0.0,0.0,False,下檔,True,2023-04-17,2025-10-28 18:37:33
24046,寶可噩夢,9,2024-01-08,2024-02-04,28,4,0.0,0.0,0.0,0.0,0.0,2024-01-08~2024-01-14,0,0.0,,0.0,0.0,False,下檔,True,2023-04-17,2025-10-28 18:37:33
24046,寶可噩夢,10,2024-02-05,2024-03-03,28,4,0.0,0.0,0.0,0.0,0.0,2024-02-05~2024-02-11,0,0.0,,0.0,0.0,False,下檔,True,2023-04-17,2025-10-28 18:37:33
24046,寶可噩夢,11,2024-03-04,2024-03-31,28,4,0.0,0.0,0.0,0.0,0.0,2024-03-04~2024-03-10,0,0.0,,0.0,0.0,False,下檔,True,2023-04-17,2025-10-28 18:37:33
24046,寶可噩夢,12,2024-04-01,2024-04-28,28,4,0.0,0.0,0.0,0.0,0.0,2024-04-01~2024-04-07,0,0.0,,0.0,0.0,False,下檔,True,2023-04-17,2025-10-28 18:37:33
24046,寶可噩夢,13,2024-04-29,2024-05-26,28,4,0.0,0.0,0.0,0.0,0.0,2024-04-29~2024-05-05,0,0.0,,0.0,0.0,False,下檔,True,2023-04-17,2025-10-28 18:37:33
24046,寶可噩夢,14,2024-05-27,2024-06-23,28,4,0.0,0.0,0.0,0.0,0.0,2024-05-27~2024-06-02,0,0.0,,0.0,0.0,False,下檔,True,2023-04-17,2025-10-28 18:37:33
24046,寶可噩夢,15,2024-06-24,2024-07-21,28,4,0.0,0.0,0.0,0.0,0.0,2024-06-24~2024-06-30,0,0.0,,0.0,0.0,False,下檔,True,2023-04-17,2025-10-28 18:37:33
24046,寶可噩夢,16,2024-07-22,2024-08-18,28,4,0.0,0.0,0.0,0.0,0.0,2024-07-22~2024-07-28,0,0.0,,0.0,0.0,False,下檔,True,2023-04-17,2025-10-28 18:37:33
24046,寶可噩夢,17,2024-08-19,2024-09-15,28,4,0.0,0.0,0.0,0.0,0.0,2024-08-19~2024-08-25,0,0.0,,0.0,0.0,False,下檔,True,2023-04-17,2025-10-28 18:37:33
24046,寶可噩夢,18,2024-09-16,2024-10-13,28,4,0.0,0.0,0.0,0.0,0.0,2024-09-16~2024-09-22,0,0.0,,0.0,0.0,False,下檔,True,2023-04-17,2025-10-28 18:37:33
24046,寶可噩夢,19,2024-10-14,2024-11-10,28,4,0.0,0.0,0.0,0.0,0.0,2024-10-14~2024-10-20,0,0.0,,0.0,0.0,False,下檔,True,2023-04-17,2025-10-28 18:37:33
24046,寶可噩夢,20,2024-11-11,2024-12-08,28,4,0.0,0.0,0.0,0.0,0.0,2024-11-11~2024-11-17,0,0.0,,0.0,0.0,False,下檔,True,2023-04-17,2025-10-28 18:37:33
24046,寶可噩夢,21,2024-12-09,2025-01-05,28,4,0.0,0.0,0.0,0.0,0.0,2024-12-09~2024-12-15,0,0.0,,0.0,0.0,False,下檔,True,2023-04-17,2025-10-28 18:37:33
24046,寶可噩夢,22,2025-01-06,2025-02-02,28,4,0.0,0.0,0.0,0.0,0.0,2025-01-06~2025-01-12,0,0.0,,0.0,0.0,False,下檔,True,2023-04-17,2025-10-28 18:37:33
24046,寶可噩夢,23,2025-02-03,2025-03-02,28,4,0.0,0.0,0.0,0.0,0.0,2025-02-03~2025-02-09,0,0.0,,0.0,0.0,False,下檔,True,2023-04-17,2025-10-28 18:37:33
24046,寶可噩夢,24,2025-03-03,2025-03-30,28,4,0.0,0.0,0.0,0.0,0.0,2025-03-03~2025-03-09,0,0.0,,0.0,0.0,False,下檔,True,2023-04-17,2025-10-28 18:37:33
24046,寶可噩夢,25,2025-03-31,2025-04-27,28,4,0.0,0.0,0.0,0.0,0.0,2025-03-31~2025-04-06,0,0.0,,0.0,0.0,False,下檔,True,2023-04-17,2025-10-28 18:37:33
24046,寶可噩夢,26,2025-04-28,2025-05-25,28,4,0.0,0.0,0.0,0.0,0.0,2025-04-28~2025-05-04,0,0.0,,0.0,0.0,False,下檔,True,2023-04-17,2025-10-28 18:37:33
24046,寶可噩夢,27,2025-05-26,2025-06-22,28,4,0.0,0.0,0.0,0.0,0.0,2025-05-26~2025-06-01,0,0.0,,0.0,0.0,False,下檔,True,2023-04-17,2025-10-28 18:37:33
24046,寶可噩夢,28,2025-06-23,2025-07-20,28,4,0.0,0.0,0.0,0.0,0.0,2025-06-23~2025-06-29,0,0.0,,0.0,0.0,False,下檔,True,2023-04-17,2025-10-28 18:37:33
24046,寶可噩夢,29,2025-07-21,2025-08-17,28,4,0.0,0.0,0.0,0.0,0.0,2025-07-21~2025-07-27,0,0.0,,0.0,0.0,False,下檔,True,2023-04-17,2025-10-28 18:37:33
24046,寶可噩夢,30,2025-08-18,2025-10-19,63,9,41773.0,153.0,4641.44,17.0,17173.0,2025-09-29~2025-10-05,1,0.33,,-0.222,0.0,False,上映中,True,2023-04-17,2025-10-28 18:37:33
24086,Fishmans,1,2023-04-17,2023-06-25,70,10,398633.0,1651.0,39863.3,165.1,177625.0,2023-04-24~2023-04-30,8,3.4,0.689,-0.265,0.0,False,下檔,False,2023-04-17,2025-10-28 18:37:33
24086,Fishmans,2,2023-06-26,2023-07-23,28,4,0.0,0.0,0.0,0.0,0.0,2023-06-26~2023-07-02,0,0.0,,0.0,0.0,False,下檔,True,2023-04-17,2025-10-28 18:37:33
24086,Fishmans,3,2023-07-24,2023-08-20,28,4,0.0,0.0,0.0,0.0,0.0,2023-07-24~2023-07-30,0,0.0,,0.0,0.0,False,下檔,True,2023-04-17,2025-10-28 18:37:33
24086,Fishmans,4,2023-08-21,2023-09-17,28,4,0.0,0.0,0.0,0.0,0.0,2023-08-21~2023-08-27,0,0.0,,0.0,0.0,False,下檔,True,2023-04-17,2025-10-28 18:37:33
24086,Fishmans,5,2023-09-18,2023-10-15,28,4,0.0,0.0,0.0,0.0,0.0,2023-09-18~2023-09-24,0,0.0,,0.0,0.0,False,下檔,True,2023-04-17,2025-10-28 18:37:33
24086,Fishmans,6,2023-10-16,2023-11-12,28,4,0.0,0.0,0.0,0.0,0.0,2023-10-16~2023-10-22,0,0.0,,0.0,0.0,False,下檔,True,2023-04-17,2025-10-28 18:37:33
24086,Fishmans,7,2023-11-13,2023-12-10,28,4,0.0,0.0,0.0,0.0,0.0,2023-11-13~2023-11-19,0,0.0,,0.0,0.0,False,下檔,True,2023-04-17,2025-10-28 18:37:33
24086,Fishmans,8,2023-12-11,2024-01-07,28,4,0.0,0.0,0.0,0.0,0.0,2023-12-11~2023-12-17,0,0.0,,0.0,0.0,False,下檔,True,2023-04-17,2025-10-28 18:37:33
24086,Fishmans,9,2024-01-08,2024-02-04,28,4,0.0,0.0,0.0,0.0,0.0,2024-01-08~2024-01-14,0,0.0,,0.0,0.0,False,下檔,True,2023-04-17,2025-10-28 18:37:33
24086,Fishmans,10,2024-02-05,2024-03-03,28,4,0.0,0.0,0.0,0.0,0.0,2024-02-05~2024-02-11,0,0.0,,0.0,0.0,False,下檔,True,2023-04-17,2025-10-28 18:37:33
24086,Fishmans,11,2024-03-04,2024-03-31,28,4,0.0,0.0,0.0,0.0,0.0,2024-03-04~2024-03-10,0,0.0,,0.0,0.0,False,下檔,True,2023-04-17,2025-10-28 18:37:33
24086,Fishmans,12,2024-04-01,2024-04-28,28,4,0.0,0.0,0.0,0.0,0.0,2024-04-01~2024-04-07,0,0.0,,0.0,0.0,False,下檔,True,2023-04-17,2025-10-28 18:37:33
24086,Fishmans,13,2024-04-29,2024-05-26,28,4,0.0,0.0,0.0,0.0,0.0,2024-04-29~2024-05-05,0,0.0,,0.0,0.0,False,下檔,True,2023-04-17,2025-10-28 18:37:33
24086,Fishmans,14,2024-05-27,2024-06-23,28,4,0.0,0.0,0.0,0.0,0.0,2024-05-27~2024-06-02,0,0.0,,0.0,0.0,False,下檔,True,2023-04-17,2025-10-28 18:37:33
24086,Fishmans,15,2024-06-24,2024-07-21,28,4,0.0,0.0,0.0,0.0,0.0,2024-06-24~2024-06-30,0,0.0,,0.0,0.0,False,下檔,True,2023-04-17,2025-10-28 18:37:33
24086,Fishmans,16,2024-07-22,2024-08-18,28,4,0.0,0.0,0.0,0.0,0.0,2024-07-22~2024-07-28,0,0.0,,0.0,0.0,False,下檔,True,2023-04-17,2025-10-28 18:37:33
24086,Fishmans,17,2024-08-19,2024-09-15,28,4,0.0,0.0,0.0,0.0,0.0,2024-08-19~2024-08-25,0,0.0,,0.0,0.0,False,下檔,True,2023-04-17,2025-10-28 18:37:33
24086,Fishmans,18,2024-09-16,2024-10-13,28,4,0.0,0.0,0.0,0.0,0.0,2024-09-16~2024-09-22,0,0.0,,0.0,0.0,False,下檔,True,2023-04-17,2025-10-28 18:37:33
24086,Fishmans,19,2024-10-14,2024-11-10,28,4,0.0,0.0,0.0,0.0,0.0,2024-10-14~2024-10-20,0,0.0,,0.0,0.0,False,下檔,True,2023-04-17,2025-10-28 18:37:33
24086,Fishmans,20,2024-11-11,2024-12-08,28,4,0.0,0.0,0.0,0.0,0.0,2024-11-11~2024-11-17,0,0.0,,0.0,0.0,False,下檔,True,2023-04-17,2025-10-28 18:37:33
24086,Fishmans,21,2024-12-09,2025-01-05,28,4,0.0,0.0,0.0,0.0,0.0,2024-12-09~2024-12-15,0,0.0,,0.0,0.0,False,下檔,True,2023-04-17,2025-10-28 18:37:33
24086,Fishmans,22,2025-01-06,2025-02-02,28,4,0.0,0.0,0.0,0.0,0.0,2025-01-06~2025-01-12,0,0.0,,0.0,0.0,False,下檔,True,2023-04-17,2025-10-28 18:37:33
24086,Fishmans,23,2025-02-03,2025-03-02,28,4,0.0,0.0,0.0,0.0,0.0,2025-02-03~2025-02-09,0,0.0,,0.0,0.0,False,下檔,True,2023-04-17,2025-10-28 18:37:33
24086,Fishmans,24,2025-03-03,2025-03-30,28,4,0.0,0.0,0.0,0.0,0.0,2025-03-03~2025-03-09,0,0.0,,0.0,0.0,False,下檔,True,2023-04-17,2025-10-28 18:37:33
24086,Fishmans,25,2025-03-31,2025-04-27,28,4,0.0,0.0,0.0,0.0,0.0,2025-03-31~2025-04-06,0,0.0,,0.0,0.0,False,下檔,True,2023-04-17,2025-10-28 18:37:33
24086,Fishmans,26,2025-04-28,2025-05-25,28,4,0.0,0.0,0.0,0.0,0.0,2025-04-28~2025-05-04,0,0.0,,0.0,0.0,False,下檔,True,2023-04-17,2025-10-28 18:37:33
24086,Fishmans,27,2025-05-26,2025-06-22,28,4,0.0,0.0,0.0,0.0,0.0,2025-05-26~2025-06-01,0,0.0,,0.0,0.0,False,下檔,True,2023-04-17,2025-10-28 18:37:33
24086,Fishmans,28,2025-06-23,2025-07-20,28,4,0.0,0.0,0.0,0.0,0.0,2025-06-23~2025-06-29,0,0.0,,0.0,0.0,False,下檔,True,2023-04-17,2025-10-28 18:37:33
24086,Fishmans,29,2025-07-21,2025-08-17,28,4,0.0,0.0,0.0,0.0,0.0,2025-07-21~2025-07-27,0,0.0,,0.0,0.0,False,下檔,True,2023-04-17,2025-10-28 18:37:33
24086,Fishmans,30,2025-08-18,2025-09-14,28,4,0.0,0.0,0.0,0.0,0.0,2025-08-18~2025-08-24,0,0.0,,0.0,0.0,False,下檔,True,2023-04-17,2025-10-28 18:37:33
24086,Fishmans,31,2025-09-15,2025-10-19,35,5,44536.0,161.0,8907.2,32.2,30850.0,2025-10-06~2025-10-12,4,1.4,,-0.111,-0.556,False,上映中,True,2023-04-17,2025-10-28 18:37:33
25044,之前的我們,1,2023-07-24,2023-11-05,105,15,8309019.0,33046.0,553934.6,2203.07,2767891.0,2023-08-07~2023-08-13,62,20.53,1.969,-0.157,0.0,True,下檔,False,2023-07-24,2025-10-28 18:37:33
25044,之前的我們,2,2023-11-06,2023-12-03,28,4,0.0,0.0,0.0,0.0,0.0,2023-11-06~2023-11-12,0,0.0,,0.0,0.0,False,下檔,True,2023-07-24,2025-10-28 18:37:33
25044,之前的我們,3,2023-12-04,2023-12-31,28,4,0.0,0.0,0.0,0.0,0.0,2023-12-04~2023-12-10,0,0.0,,0.0,0.0,False,下檔,True,2023-07-24,2025-10-28 18:37:33
25044,之前的我們,4,2024-01-01,2024-01-28,28,4,0.0,0.0,0.0,0.0,0.0,2024-01-01~2024-01-07,0,0.0,,0.0,0.0,False,下檔,True,2023-07-24,2025-10-28 18:37:33
25044,之前的我們,5,2024-01-29,2024-02-25,28,4,0.0,0.0,0.0,0.0,0.0,2024-01-29~2024-02-04,0,0.0,,0.0,0.0,False,下檔,True,2023-07-24,2025-10-28 18:37:33
25044,之前的我們,6,2024-02-26,2024-03-24,28,4,0.0,0.0,0.0,0.0,0.0,2024-02-26~2024-03-03,0,0.0,,0.0,0.0,False,下檔,True,2023-07-24,2025-10-28 18:37:33
25044,之前的我們,7,2024-03-25,2024-04-21,28,4,0.0,0.0,0.0,0.0,0.0,2024-03-25~2024-03-31,0,0.0,,0.0,0.0,False,下檔,True,2023-07-24,2025-10-28 18:37:33
25044,之前的我們,8,2024-04-22,2024-05-19,28,4,0.0,0.0,0.0,0.0,0.0,2024-04-22~2024-04-28,0,0.0,,0.0,0.0,False,下檔,True,2023-07-24,2025-10-28 18:37:33
25044,之前的我們,9,2024-05-20,2024-06-16,28,4,0.0,0.0,0.0,0.0,0.0,2024-05-20~2024-05-26,0,0.0,,0.0,0.0,False,下檔,True,2023-07-24,2025-10-28 18:37:33
25044,之前的我們,10,2024-06-17,2024-07-14,28,4,0.0,0.0,0.0,0.0,0.0,2024-06-17~2024-06-23,0,0.0,,0.0,0.0,False,下檔,True,2023-07-24,2025-10-28 18:37:33
25044,之前的我們,11,2024-07-15,2024-08-11,28,4,0.0,0.0,0.0,0.0,0.0,2024-07-15~2024-07-21,0,0.0,,0.0,0.0,False,下檔,True,2023-07-24,2025-10-28 18:37:33
25044,之前的我們,12,2024-08-12,2024-09-08,28,4,0.0,0.0,0.0,0.0,0.0,2024-08-12~2024-08-18,0,0.0,,0.0,0.0,False,下檔,True,2023-07-24,2025-10-28 18:37:33
25044,之前的我們,13,2024-09-09,2024-10-06,28,4,0.0,0.0,0.0,0.0,0.0,2024-09-09~2024-09-15,0,0.0,,0.0,0.0,False,下檔,True,2023-07-24,2025-10-28 18:37:33
25044,之前的我們,14,2024-10-07,2024-11-03,28,4,0.0,0.0,0.0,0.0,0.0,2024-10-07~2024-10-13,0,0.0,,0.0,0.0,False,下檔,True,2023-07-24,2025-10-28 18:37:33
25044,之前的我們,15,2024-11-04,2024-12-01,28,4,0.0,0.0,0.0,0.0,0.0,2024-11-04~2024-11-10,0,0.0,,0.0,0.0,False,下檔,True,2023-07-24,2025-10-28 18:37:33
25044,之前的我們,16,2024-12-02,2025-03-16,105,15,4440.0,17.0,296.0,1.13,1600.0,2025-02-03~2025-02-09,2,0.6,,0.11,0.0,True,下檔,True,2023-07-24,2025-10-28 18:37:33
25044,之前的我們,17,2025-03-17,2025-04-20,35,5,3501.0,41.0,700.2,8.2,3501.0,2025-03-24~2025-03-30,3,0.8,,-0.2,0.0,False,下檔,True,2023-07-24,2025-10-28 18:37:33
25044,之前的我們,18,2025-04-21,2025-06-08,49,7,560.0,2.0,80.0,0.29,560.0,2025-05-12~2025-05-18,1,0.29,,-0.143,0.0,False,下檔,True,2023-07-24,2025-10-28 18:37:33
25044,之前的我們,19,2025-06-09,2025-07-06,28,4,0.0,0.0,0.0,0.0,0.0,2025-06-09~2025-06-15,0,0.0,,0.0,0.0,False,下檔,True,2023-07-24,2025-10-28 18:37:33
25044,之前的我們,20,2025-07-07,2025-08-03,28,4,0.0,0.0,0.0,0.0,0.0,2025-07-07~2025-07-13,0,0.0,,0.0,0.0,False,下檔,True,2023-07-24,2025-10-28 18:37:33
25044,之前的我們,21,2025-08-04,2025-08-31,28,4,0.0,0.0,0.0,0.0,0.0,2025-08-04~2025-08-10,0,0.0,,0.0,0.0,False,下檔,True,2023-07-24,2025-10-28 18:37:33
25044,之前的我們,22,2025-09-01,2025-10-19,49,7,153892.0,522.0,21984.57,74.57,97976.0,2025-09-22~2025-09-28,1,0.29,,-0.143,0.0,False,上映中,True,2023-07-24,2025-10-28 18:37:33
26305,夢行者保羅,1,2023-12-04,2024-02-11,70,10,2743366.0,11223.0,274336.6,1122.3,1197989.0,2023-12-11~2023-12-17,67,22.6,0.075,-0.412,0.0,False,下檔,False,2023-12-04,2025-10-28 18:37:33
26305,夢行者保羅,2,2024-02-12,2024-03-10,28,4,0.0,0.0,0.0,0.0,0.0,2024-02-12~2024-02-18,0,0.0,,0.0,0.0,False,下檔,True,2023-12-04,2025-10-28 18:37:33
26305,夢行者保羅,3,2024-03-11,2024-04-07,28,4,0.0,0.0,0.0,0.0,0.0,2024-03-11~2024-03-17,0,0.0,,0.0,0.0,False,下檔,True,2023-12-04,2025-10-28 18:37:33
26305,夢行者保羅,4,2024-04-08,2024-05-05,28,4,0.0,0.0,0.0,0.0,0.0,2024-04-08~2024-04-14,0,0.0,,0.0,0.0,False,下檔,True,2023-12-04,2025-10-28 18:37:33
26305,夢行者保羅,5,2024-05-06,2024-06-02,28,4,0.0,0.0,0.0,0.0,0.0,2024-05-06~2024-05-12,0,0.0,,0.0,0.0,False,下檔,True,2023-12-04,2025-10-28 18:37:33
26305,夢行者保羅,6,2024-06-03,2024-06-30,28,4,0.0,0.0,0.0,0.0,0.0,2024-06-03~2024-06-09,0,0.0,,0.0,0.0,False,下檔,True,2023-12-04,2025-10-28 18:37:33
26305,夢行者保羅,7,2024-07-01,2024-07-28,28,4,0.0,0.0,0.0,0.0,0.0,2024-07-01~2024-07-07,0,0.0,,0.0,0.0,False,下檔,True,2023-12-04,2025-10-28 18:37:33
26305,夢行者保羅,8,2024-07-29,2024-08-25,28,4,0.0,0.0,0.0,0.0,0.0,2024-07-29~2024-08-04,0,0.0,,0.0,0.0,False,下檔,True,2023-12-04,2025-10-28 18:37:33
26305,夢行者保羅,9,2024-08-26,2024-09-22,28,4,0.0,0.0,0.0,0.0,0.0,2024-08-26~2024-09-01,0,0.0,,0.0,0.0,False,下檔,True,2023-12-04,2025-10-28 18:37:33
26305,夢行者保羅,10,2024-09-23,2024-10-20,28,4,0.0,0.0,0.0,0.0,0.0,2024-09-23~2024-09-29,0,0.0,,0.0,0.0,False,下檔,True,2023-12-04,2025-10-28 18:37:33
26305,夢行者保羅,11,2024-10-21,2024-11-17,28,4,0.0,0.0,0.0,0.0,0.0,2024-10-21~2024-10-27,0,0.0,,0.0,0.0,False,下檔,True,2023-12-04,2025-10-28 18:37:33
26305,夢行者保羅,12,2024-11-18,2024-12-15,28,4,0.0,0.0,0.0,0.0,0.0,2024-11-18~2024-11-24,0,0.0,,0.0,0.0,False,下檔,True,2023-12-04,2025-10-28 18:37:33
26305,夢行者保羅,13,2024-12-16,2025-02-09,56,8,690.0,3.0,86.25,0.38,690.0,2025-01-13~2025-01-19,1,0.38,,-0.125,0.0,False,下檔,True,2023-12-04,2025-10-28 18:37:33
26305,夢行者保羅,14,2025-02-10,2025-03-09,28,4,0.0,0.0,0.0,0.0,0.0,2025-02-10~2025-02-16,0,0.0,,0.0,0.0,False,下檔,True,2023-12-04,2025-10-28 18:37:33
26305,夢行者保羅,15,2025-03-10,2025-04-06,28,4,0.0,0.0,0.0,0.0,0.0,2025-03-10~2025-03-16,0,0.0,,0.0,0.0,False,下檔,True,2023-12-04,2025-10-28 18:37:33
26305,夢行者保羅,16,2025-04-07,2025-05-04,28,4,0.0,0.0,0.0,0.0,0.0,2025-04-07~2025-04-13,1,0.25,,0.0,0.0,False,下檔,True,2023-12-04,2025-10-28 18:37:33
26305,夢行者保羅,17,2025-05-05,2025-06-01,28,4,0.0,0.0,0.0,0.0,0.0,2025-05-05~2025-05-11,0,0.0,,0.0,0.0,False,下檔,True,2023-12-04,2025-10-28 18:37:33
26305,夢行者保羅,18,2025-06-02,2025-06-29,28,4,0.0,0.0,0.0,0.0,0.0,2025-06-02~2025-06-08,0,0.0,,0.0,0.0,False,下檔,True,2023-12-04,2025-10-28 18:37:33
26305,夢行者保羅,19,2025-06-30,2025-07-27,28,4,0.0,0.0,0.0,0.0,0.0,2025-06-30~2025-07-06,0,0.0,,0.0,0.0,False,下檔,True,2023-12-04,2025-10-28 18:37:33
26305,夢行者保羅,20,2025-07-28,2025-08-24,28,4,0.0,0.0,0.0,0.0,0.0,2025-07-28~2025-08-03,0,0.0,,0.0,0.0,False,下檔,True,2023-12-04,2025-10-28 18:37:33
26305,夢行者保羅,21,2025-08-25,2025-10-19,56,8,41074.0,153.0,5134.25,19.12,18000.0,2025-09-29~2025-10-05,1,0.38,,-0.25,0.0,False,上映中,True,2023-12-04,2025-10-28 18:37:33
26439,鬼才之道,1,2024-06-17,2024-07-14,28,4,16280.0,74.0,4070.0,18.5,16280.0,2024-06-17~2024-06-23,1,0.25,-1.0,-0.25,0.0,False,下檔,False,2024-06-17,2025-10-28 18:37:33
26439,鬼才之道,2,2024-07-15,2025-03-30,259,37,61115916.0,234016.0,1651781.51,6324.76,14935288.0,2024-08-05~2024-08-11,99,26.78,,0.055,0.0,True,下檔,True,2024-06-17,2025-10-28 18:37:33
26439,鬼才之道,3,2025-03-31,2025-04-27,28,4,0.0,0.0,0.0,0.0,0.0,2025-03-31~2025-04-06,0,0.0,,0.0,0.0,False,下檔,True,2024-06-17,2025-10-28 18:37:33
26439,鬼才之道,4,2025-04-28,2025-05-25,28,4,0.0,0.0,0.0,0.0,0.0,2025-04-28~2025-05-04,0,0.0,,0.0,0.0,False,下檔,True,2024-06-17,2025-10-28 18:37:33
26439,鬼才之道,5,2025-05-26,2025-06-29,35,5,9200.0,40.0,1840.0,8.0,9200.0,2025-06-02~2025-06-08,1,0.2,,-0.2,0.0,False,下檔,True,2024-06-17,2025-10-28 18:37:33
26439,鬼才之道,6,2025-06-30,2025-07-27,28,4,0.0,0.0,0.0,0.0,0.0,2025-06-30~2025-07-06,0,0.0,,0.0,0.0,False,下檔,True,2024-06-17,2025-10-28 18:37:33
26439,鬼才之道,7,2025-07-28,2025-09-28,63,9,64800.0,288.0,7200.0,32.0,47200.0,2025-09-01~2025-09-07,2,0.33,,-0.222,0.0,False,下檔,True,2024-06-17,2025-10-28 18:37:33
26439,鬼才之道,8,2025-09-29,2025-10-19,21,3,6900.0,30.0,2300.0,10.0,6900.0,2025-10-13~2025-10-19,1,0.33,,0.0,0.0,False,上映中,True,2024-06-17,2025-10-28 18:37:33
26514,紅豬,1,2024-01-01,2024-01-28,28,4,34400.0,58.0,8600.0,14.5,34400.0,2024-01-01~2024-01-07,1,0.25,-1.0,-0.25,0.0,False,下檔,False,2024-01-01,2025-10-28 18:37:33
26514,紅豬,2,2024-01-29,2024-02-25,28,4,0.0,0.0,0.0,0.0,0.0,2024-01-29~2024-02-04,0,0.0,,0.0,0.0,False,下檔,True,2024-01-01,2025-10-28 18:37:33
26514,紅豬,3,2024-02-26,2024-03-24,28,4,0.0,0.0,0.0,0.0,0.0,2024-02-26~2024-03-03,0,0.0,,0.0,0.0,False,下檔,True,2024-01-01,2025-10-28 18:37:33
26514,紅豬,4,2024-03-25,2024-04-21,28,4,0.0,0.0,0.0,0.0,0.0,2024-03-25~2024-03-31,0,0.0,,0.0,0.0,False,下檔,True,2024-01-01,2025-10-28 18:37:33
26514,紅豬,5,2024-04-22,2024-05-19,28,4,0.0,0.0,0.0,0.0,0.0,2024-04-22~2024-04-28,0,0.0,,0.0,0.0,False,下檔,True,2024-01-01,2025-10-28 18:37:33
26514,紅豬,6,2024-05-20,2024-06-16,28,4,0.0,0.0,0.0,0.0,0.0,2024-05-20~2024-05-26,0,0.0,,0.0,0.0,False,下檔,True,2024-01-01,2025-10-28 18:37:33
26514,紅豬,7,2024-06-17,2024-07-14,28,4,0.0,0.0,0.0,0.0,0.0,2024-06-17~2024-06-23,0,0.0,,0.0,0.0,False,下檔,True,2024-01-01,2025-10-28 18:37:33
26514,紅豬,8,2024-07-15,2024-08-11,28,4,0.0,0.0,0.0,0.0,0.0,2024-07-15~2024-07-21,0,0.0,,0.0,0.0,False,下檔,True,2024-01-01,2025-10-28 18:37:33
26514,紅豬,9,2024-08-12,2024-09-08,28,4,0.0,0.0,0.0,0.0,0.0,2024-08-12~2024-08-18,0,0.0,,0.0,0.0,False,下檔,True,2024-01-01,2025-10-28 18:37:33
26514,紅豬,10,2024-09-09,2024-10-06,28,4,0.0,0.0,0.0,0.0,0.0,2024-09-09~2024-09-15,0,0.0,,0.0,0.0,False,下檔,True,2024-01-01,2025-10-28 18:37:33
26514,紅豬,11,2024-10-07,2024-12-15,70,10,105460.0,419.0,10546.0,41.9,47700.0,2024-11-18~2024-11-24,3,0.7,,-0.018,0.0,False,下檔,True,2024-01-01,2025-10-28 18:37:33
26514,紅豬,12,2024-12-16,2025-01-12,28,4,0.0,0.0,0.0,0.0,0.0,2024-12-16~2024-12-22,0,0.0,,0.0,0.0,False,下檔,True,2024-01-01,2025-10-28 18:37:33
26514,紅豬,13,2025-01-13,2025-02-09,28,4,0.0,0.0,0.0,0.0,0.0,2025-01-13~2025-01-19,0,0.0,,0.0,0.0,False,下檔,True,2024-01-01,2025-10-28 18:37:33
26514,紅豬,14,2025-02-10,2025-03-09,28,4,0.0,0.0,0.0,0.0,0.0,2025-02-10~2025-02-16,0,0.0,,0.0,0.0,False,下檔,True,2024-01-01,2025-10-28 18:37:33
26514,紅豬,15,2025-03-10,2025-04-06,28,4,0.0,0.0,0.0,0.0,0.0,2025-03-10~2025-03-16,0,0.0,,0.0,0.0,False,下檔,True,2024-01-01,2025-10-28 18:37:33
26514,紅豬,16,2025-04-07,2025-05-04,28,4,0.0,0.0,0.0,0.0,0.0,2025-04-07~2025-04-13,0,0.0,,0.0,0.0,False,下檔,True,2024-01-01,2025-10-28 18:37:33
26514,紅豬,17,2025-05-05,2025-06-01,28,4,0.0,0.0,0.0,0.0,0.0,2025-05-05~2025-05-11,0,0.0,,0.0,0.0,False,下檔,True,2024-01-01,2025-10-28 18:37:33
26514,紅豬,18,2025-06-02,2025-06-29,28,4,0.0,0.0,0.0,0.0,0.0,2025-06-02~2025-06-08,0,0.0,,0.0,0.0,False,下檔,True,2024-01-01,2025-10-28 18:37:33
26514,紅豬,19,2025-06-30,2025-07-27,28,4,0.0,0.0,0.0,0.0,0.0,2025-06-30~2025-07-06,0,0.0,,0.0,0.0,False,下檔,True,2024-01-01,2025-10-28 18:37:33
26514,紅豬,20,2025-07-28,2025-08-24,28,4,0.0,0.0,0.0,0.0,0.0,2025-07-28~2025-08-03,0,0.0,,0.0,0.0,False,下檔,True,2024-01-01,2025-10-28 18:37:33
26514,紅豬,21,2025-08-25,2025-10-19,56,8,11458379.0,42785.0,1432297.38,5348.12,6081169.0,2025-09-01~2025-09-07,88,48.62,,-0.503,-0.882,False,上映中,True,2024-01-01,2025-10-28 18:37:33
27106,河鰻,1,2025-09-22,2025-10-19,28,4,843254.0,3002.0,210813.5,750.5,418336.0,2025-09-29~2025-10-05,14,10.75,2.622,0.449,-0.247,False,上映中,False,2025-09-22,2025-10-28 18:37:33
27343,帝國浩劫：美國內戰,1,2024-04-29,2024-07-28,91,13,22573750.0,87538.0,1736442.31,6733.69,12045535.0,2024-04-29~2024-05-05,90,35.46,-0.527,-0.484,0.0,True,下檔,False,2024-04-29,2025-10-28 18:37:33
27343,帝國浩劫：美國內戰,2,2024-07-29,2024-08-25,28,4,0.0,0.0,0.0,0.0,0.0,2024-07-29~2024-08-04,0,0.0,,0.0,0.0,False,下檔,True,2024-04-29,2025-10-28 18:37:33
27343,帝國浩劫：美國內戰,3,2024-08-26,2024-09-22,28,4,0.0,0.0,0.0,0.0,0.0,2024-08-26~2024-09-01,0,0.0,,0.0,0.0,False,下檔,True,2024-04-29,2025-10-28 18:37:33
27343,帝國浩劫：美國內戰,4,2024-09-23,2024-10-20,28,4,0.0,0.0,0.0,0.0,0.0,2024-09-23~2024-09-29,0,0.0,,0.0,0.0,False,下檔,True,2024-04-29,2025-10-28 18:37:33
27343,帝國浩劫：美國內戰,5,2024-10-21,2024-11-17,28,4,0.0,0.0,0.0,0.0,0.0,2024-10-21~2024-10-27,0,0.0,,0.0,0.0,False,下檔,True,2024-04-29,2025-10-28 18:37:33
27343,帝國浩劫：美國內戰,6,2024-11-18,2024-12-15,28,4,0.0,0.0,0.0,0.0,0.0,2024-11-18~2024-11-24,0,0.0,,0.0,0.0,False,下檔,True,2024-04-29,2025-10-28 18:37:33
27343,帝國浩劫：美國內戰,7,2024-12-16,2025-01-12,28,4,0.0,0.0,0.0,0.0,0.0,2024-12-16~2024-12-22,0,0.0,,0.0,0.0,False,下檔,True,2024-04-29,2025-10-28 18:37:33
27343,帝國浩劫：美國內戰,8,2025-01-13,2025-02-09,28,4,0.0,0.0,0.0,0.0,0.0,2025-01-13~2025-01-19,0,0.0,,0.0,0.0,False,下檔,True,2024-04-29,2025-10-28 18:37:33
27343,帝國浩劫：美國內戰,9,2025-02-10,2025-03-09,28,4,0.0,0.0,0.0,0.0,0.0,2025-02-10~2025-02-16,0,0.0,,0.0,0.0,False,下檔,True,2024-04-29,2025-10-28 18:37:33
27343,帝國浩劫：美國內戰,10,2025-03-10,2025-04-06,28,4,0.0,0.0,0.0,0.0,0.0,2025-03-10~2025-03-16,0,0.0,,0.0,0.0,False,下檔,True,2024-04-29,2025-10-28 18:37:33
27343,帝國浩劫：美國內戰,11,2025-04-07,2025-05-04,28,4,0.0,0.0,0.0,0.0,0.0,2025-04-07~2025-04-13,0,0.0,,0.0,0.0,False,下檔,True,2024-04-29,2025-10-28 18:37:33
27343,帝國浩劫：美國內戰,12,2025-05-05,2025-06-01,28,4,0.0,0.0,0.0,0.0,0.0,2025-05-05~2025-05-11,0,0.0,,0.0,0.0,False,下檔,True,2024-04-29,2025-10-28 18:37:33
27343,帝國浩劫：美國內戰,13,2025-06-02,2025-06-29,28,4,0.0,0.0,0.0,0.0,0.0,2025-06-02~2025-06-08,0,0.0,,0.0,0.0,False,下檔,True,2024-04-29,2025-10-28 18:37:33
27343,帝國浩劫：美國內戰,14,2025-06-30,2025-07-27,28,4,0.0,0.0,0.0,0.0,0.0,2025-06-30~2025-07-06,0,0.0,,0.0,0.0,False,下檔,True,2024-04-29,2025-10-28 18:37:33
27343,帝國浩劫：美國內戰,15,2025-07-28,2025-08-24,28,4,0.0,0.0,0.0,0.0,0.0,2025-07-28~2025-08-03,0,0.0,,0.0,0.0,False,下檔,True,2024-04-29,2025-10-28 18:37:33
27343,帝國浩劫：美國內戰,16,2025-08-25,2025-10-19,56,8,38762.0,139.0,4845.25,17.38,13620.0,2025-10-13~2025-10-19,1,0.38,,-0.25,0.0,False,上映中,True,2024-04-29,2025-10-28 18:37:33
27899,96分鐘,1,2025-06-02,2025-06-29,28,4,189250.0,761.0,47312.5,190.25,189250.0,2025-06-02~2025-06-08,3,0.75,-1.0,-0.25,0.0,False,下檔,False,2025-06-02,2025-10-28 18:37:34
27899,96分鐘,2,2025-06-30,2025-07-27,28,4,0.0,0.0,0.0,0.0,0.0,2025-06-30~2025-07-06,0,0.0,,0.0,0.0,False,下檔,True,2025-06-02,2025-10-28 18:37:34
27899,96分鐘,3,2025-07-28,2025-10-19,84,12,186441220.0,672810.0,15536768.33,56067.5,39730790.0,2025-09-15~2025-09-21,94,55.17,,2.529,-0.475,True,上映中,True,2025-06-02,2025-10-28 18:37:34
29081,粗獷派建築師,1,2025-01-20,2025-06-22,154,22,7073306.0,24477.0,321513.91,1112.59,2059465.0,2025-03-03~2025-03-09,41,10.91,0.208,-0.285,0.0,True,下檔,False,2025-01-20,2025-10-28 18:37:34
29081,粗獷派建築師,2,2025-06-23,2025-07-20,28,4,0.0,0.0,0.0,0.0,0.0,2025-06-23~2025-06-29,0,0.0,,0.0,0.0,False,下檔,True,2025-01-20,2025-10-28 18:37:34
29081,粗獷派建築師,3,2025-07-21,2025-08-17,28,4,0.0,0.0,0.0,0.0,0.0,2025-07-21~2025-07-27,0,0.0,,0.0,0.0,False,下檔,True,2025-01-20,2025-10-28 18:37:34
29081,粗獷派建築師,4,2025-08-18,2025-09-14,28,4,0.0,0.0,0.0,0.0,0.0,2025-08-18~2025-08-24,0,0.0,,0.0,0.0,False,下檔,True,2025-01-20,2025-10-28 18:37:34
29081,粗獷派建築師,5,2025-09-15,2025-10-19,35,5,110178.0,366.0,22035.6,73.2,46838.0,2025-10-13~2025-10-19,1,0.6,,0.099,0.442,False,上映中,True,2025-01-20,2025-10-28 18:37:34
29111,台灣超人,1,2024-10-28,2025-10-19,357,51,30593462.0,128638.0,599871.8,2522.31,2680018.0,2025-01-13~2025-01-19,71,15.2,2.147,1.65,0.0,True,上映中,False,2024-10-28,2025-10-28 18:37:34
29378,我家的事,1,2025-05-19,2025-06-15,28,4,25300.0,110.0,6325.0,27.5,25300.0,2025-05-19~2025-05-25,1,0.25,-1.0,-0.25,0.0,False,下檔,False,2025-05-19,2025-10-28 18:37:34
29378,我家的事,2,2025-06-16,2025-07-13,28,4,0.0,0.0,0.0,0.0,0.0,2025-06-16~2025-06-22,0,0.0,,0.0,0.0,False,下檔,True,2025-05-19,2025-10-28 18:37:34
29378,我家的事,3,2025-07-14,2025-08-10,28,4,0.0,0.0,0.0,0.0,0.0,2025-07-14~2025-07-20,0,0.0,,0.0,0.0,False,下檔,True,2025-05-19,2025-10-28 18:37:34
29378,我家的事,4,2025-08-11,2025-10-19,70,10,9984509.0,38488.0,998450.9,3848.8,3264678.0,2025-09-15~2025-09-21,66,32.3,,1.708,-0.531,False,上映中,True,2025-05-19,2025-10-28 18:37:34
29380,失明,1,2025-09-08,2025-10-19,42,6,2695544.0,10366.0,449257.33,1727.67,1220588.0,2025-09-15~2025-09-21,71,36.5,3.375,0.133,-0.822,False,上映中,False,2025-09-08,2025-10-28 18:37:34
29513,異教詭屋,1,2024-11-25,2025-02-09,77,11,3976777.0,15737.0,361525.18,1430.64,1639381.0,2024-12-02~2024-12-08,78,26.09,0.073,-0.455,0.0,True,下檔,False,2024-11-25,2025-10-28 18:37:34
29513,異教詭屋,2,2025-02-10,2025-03-09,28,4,0.0,0.0,0.0,0.0,0.0,2025-02-10~2025-02-16,0,0.0,,0.0,0.0,False,下檔,True,2024-11-25,2025-10-28 18:37:34
29513,異教詭屋,3,2025-03-10,2025-04-06,28,4,0.0,0.0,0.0,0.0,0.0,2025-03-10~2025-03-16,0,0.0,,0.0,0.0,False,下檔,True,2024-11-25,2025-10-28 18:37:34
29513,異教詭屋,4,2025-04-07,2025-05-04,28,4,0.0,0.0,0.0,0.0,0.0,2025-04-07~2025-04-13,0,0.0,,0.0,0.0,False,下檔,True,2024-11-25,2025-10-28 18:37:34
29513,異教詭屋,5,2025-05-05,2025-06-01,28,4,0.0,0.0,0.0,0.0,0.0,2025-05-05~2025-05-11,0,0.0,,0.0,0.0,False,下檔,True,2024-11-25,2025-10-28 18:37:34
29513,異教詭屋,6,2025-06-02,2025-06-29,28,4,0.0,0.0,0.0,0.0,0.0,2025-06-02~2025-06-08,0,0.0,,0.0,0.0,False,下檔,True,2024-11-25,2025-10-28 18:37:34
29513,異教詭屋,7,2025-06-30,2025-07-27,28,4,0.0,0.0,0.0,0.0,0.0,2025-06-30~2025-07-06,0,0.0,,0.0,0.0,False,下檔,True,2024-11-25,2025-10-28 18:37:34
29513,異教詭屋,8,2025-07-28,2025-08-24,28,4,0.0,0.0,0.0,0.0,0.0,2025-07-28~2025-08-03,0,0.0,,0.0,0.0,False,下檔,True,2024-11-25,2025-10-28 18:37:34
29513,異教詭屋,9,2025-08-25,2025-10-19,56,8,45506.0,160.0,5688.25,20.0,16960.0,2025-10-13~2025-10-19,1,0.38,,-0.25,0.0,False,上映中,True,2024-11-25,2025-10-28 18:37:34
29653,劇場版「進擊的巨人」完結篇THE LAST ATTACK,1,2024-12-23,2025-06-08,168,24,144306707.0,475412.0,6012779.46,19808.83,23638904.0,2025-01-06~2025-01-12,86,42.21,163.715,6.69,0.0,True,下檔,False,2024-12-23,2025-10-28 18:37:34
29653,劇場版「進擊的巨人」完結篇THE LAST ATTACK,2,2025-06-09,2025-09-07,91,13,57810.0,189.0,4446.92,14.54,35200.0,2025-08-04~2025-08-10,1,0.31,,-0.293,0.0,True,下檔,True,2024-12-23,2025-10-28 18:37:34
29653,劇場版「進擊的巨人」完結篇THE LAST ATTACK,3,2025-09-08,2025-10-05,28,4,0.0,0.0,0.0,0.0,0.0,2025-09-08~2025-09-14,0,0.0,,0.0,0.0,False,下檔,True,2024-12-23,2025-10-28 18:37:34
29653,劇場版「進擊的巨人」完結篇THE LAST ATTACK,4,2025-10-06,2025-10-19,14,2,7820.0,34.0,3910.0,17.0,7820.0,2025-10-13~2025-10-19,1,0.5,,0.0,0.0,False,上映中,True,2024-12-23,2025-10-28 18:37:34
29831,乖女孩,1,2025-01-13,2025-04-06,84,12,5232729.0,20524.0,436060.75,1710.33,2070696.0,2025-01-20~2025-01-26,77,26.0,0.407,-0.42,0.0,True,下檔,False,2025-01-13,2025-10-28 18:37:34
29831,乖女孩,2,2025-04-07,2025-05-04,28,4,0.0,0.0,0.0,0.0,0.0,2025-04-07~2025-04-13,0,0.0,,0.0,0.0,False,下檔,True,2025-01-13,2025-10-28 18:37:34
29831,乖女孩,3,2025-05-05,2025-06-01,28,4,0.0,0.0,0.0,0.0,0.0,2025-05-05~2025-05-11,0,0.0,,0.0,0.0,False,下檔,True,2025-01-13,2025-10-28 18:37:34
29831,乖女孩,4,2025-06-02,2025-06-29,28,4,0.0,0.0,0.0,0.0,0.0,2025-06-02~2025-06-08,0,0.0,,0.0,0.0,False,下檔,True,2025-01-13,2025-10-28 18:37:34
29831,乖女孩,5,2025-06-30,2025-07-27,28,4,0.0,0.0,0.0,0.0,0.0,2025-06-30~2025-07-06,0,0.0,,0.0,0.0,False,下檔,True,2025-01-13,2025-10-28 18:37:34
29831,乖女孩,6,2025-07-28,2025-08-24,28,4,0.0,0.0,0.0,0.0,0.0,2025-07-28~2025-08-03,0,0.0,,0.0,0.0,False,下檔,True,2025-01-13,2025-10-28 18:37:34
29831,乖女孩,7,2025-08-25,2025-10-19,56,8,52527.0,189.0,6565.88,23.62,20190.0,2025-10-13~2025-10-19,1,0.38,,-0.169,0.0,False,上映中,True,2025-01-13,2025-10-28 18:37:34
29882,進行曲,1,2025-07-07,2025-10-19,105,15,11895687.0,47282.0,793045.8,3152.13,2629324.0,2025-08-25~2025-08-31,81,27.53,0.084,0.361,0.726,True,上映中,False,2025-07-07,2025-10-28 18:37:34
30008,看不見的國家,1,2025-03-10,2025-09-28,203,29,37774413.0,145616.0,1302565.97,5021.24,13463902.0,2025-06-16~2025-06-22,74,18.59,-1.0,1.121,0.0,True,上映中,False,2025-03-10,2025-10-28 18:37:34
30021,辛辛監獄劇團,1,2025-02-17,2025-04-06,49,7,293131.0,1241.0,41875.86,177.29,134599.0,2025-02-17~2025-02-23,13,5.29,-0.165,-0.333,0.0,False,下檔,False,2025-02-17,2025-10-28 18:37:34
30021,辛辛監獄劇團,2,2025-04-07,2025-05-04,28,4,0.0,0.0,0.0,0.0,0.0,2025-04-07~2025-04-13,0,0.0,,0.0,0.0,False,下檔,True,2025-02-17,2025-10-28 18:37:34
30021,辛辛監獄劇團,3,2025-05-05,2025-06-01,28,4,0.0,0.0,0.0,0.0,0.0,2025-05-05~2025-05-11,0,0.0,,0.0,0.0,False,下檔,True,2025-02-17,2025-10-28 18:37:34
30021,辛辛監獄劇團,4,2025-06-02,2025-06-29,28,4,0.0,0.0,0.0,0.0,0.0,2025-06-02~2025-06-08,0,0.0,,0.0,0.0,False,下檔,True,2025-02-17,2025-10-28 18:37:34
30021,辛辛監獄劇團,5,2025-06-30,2025-07-27,28,4,0.0,0.0,0.0,0.0,0.0,2025-06-30~2025-07-06,0,0.0,,0.0,0.0,False,下檔,True,2025-02-17,2025-10-28 18:37:34
30021,辛辛監獄劇團,6,2025-07-28,2025-08-24,28,4,0.0,0.0,0.0,0.0,0.0,2025-07-28~2025-08-03,0,0.0,,0.0,0.0,False,下檔,True,2025-02-17,2025-10-28 18:37:34
30021,辛辛監獄劇團,7,2025-08-25,2025-10-19,56,8,62087.0,230.0,7760.88,28.75,27960.0,2025-09-15~2025-09-21,1,0.38,,-0.25,0.0,False,上映中,True,2025-02-17,2025-10-28 18:37:34
30062,鬼吹簫,1,2025-10-06,2025-10-19,14,2,391000.0,1544.0,195500.0,772.0,263012.0,2025-10-06~2025-10-12,52,51.5,-0.513,-0.257,-0.513,False,上映中,False,2025-10-06,2025-10-28 18:37:34
30155,QUEER,1,2025-03-10,2025-06-01,84,12,1932823.0,7519.0,161068.58,626.58,715372.0,2025-03-24~2025-03-30,28,8.75,3.438,-0.001,0.0,True,下檔,False,2025-03-10,2025-10-28 18:37:34
30155,QUEER,2,2025-06-02,2025-06-29,28,4,0.0,0.0,0.0,0.0,0.0,2025-06-02~2025-06-08,0,0.0,,0.0,0.0,False,下檔,True,2025-03-10,2025-10-28 18:37:34
30155,QUEER,3,2025-06-30,2025-07-27,28,4,0.0,0.0,0.0,0.0,0.0,2025-06-30~2025-07-06,0,0.0,,0.0,0.0,False,下檔,True,2025-03-10,2025-10-28 18:37:34
30155,QUEER,4,2025-07-28,2025-08-24,28,4,0.0,0.0,0.0,0.0,0.0,2025-07-28~2025-08-03,0,0.0,,0.0,0.0,False,下檔,True,2025-03-10,2025-10-28 18:37:34
30155,QUEER,5,2025-08-25,2025-09-21,28,4,0.0,0.0,0.0,0.0,0.0,2025-08-25~2025-08-31,0,0.0,,0.0,0.0,False,下檔,True,2025-03-10,2025-10-28 18:37:34
30155,QUEER,6,2025-09-22,2025-10-19,28,4,27611.0,97.0,6902.75,24.25,27611.0,2025-10-13~2025-10-19,1,0.25,,0.0,0.0,False,上映中,True,2025-03-10,2025-10-28 18:37:34
30530,守護我們的星球,1,2025-04-28,2025-10-19,175,25,8341973.0,33521.0,333678.92,1340.84,923159.0,2025-05-19~2025-05-25,41,11.36,1.867,0.986,16.913,True,上映中,False,2025-04-28,2025-10-28 18:37:34
30560,長椅小情歌,1,2025-07-14,2025-10-19,98,14,2160326.0,8653.0,154309.0,618.07,504818.0,2025-07-21~2025-07-27,23,7.5,0.215,-0.138,-0.661,True,上映中,False,2025-07-14,2025-10-28 18:37:34
30676,我們意外的勇氣,1,2025-09-29,2025-10-19,21,3,156200.0,618.0,52066.67,206.0,119280.0,2025-10-13~2025-10-19,2,1.0,-1.0,-0.333,0,False,上映中,False,2025-09-29,2025-10-28 18:37:34
30704,造山者－世紀的賭注,1,2025-05-05,2025-10-19,168,24,33950478.0,136187.0,1414603.25,5674.46,3858264.0,2025-06-23~2025-06-29,59,25.21,0.464,0.267,0.498,True,上映中,False,2025-05-05,2025-10-28 18:37:34
30717,馴龍高手,1,2025-06-02,2025-10-19,140,20,131907658.0,438380.0,6595382.9,21919.0,36493327.0,2025-06-16~2025-06-22,95,38.8,26.657,1.839,-0.596,True,上映中,False,2025-06-02,2025-10-28 18:37:34
30738,星際寶貝：史迪奇,1,2025-05-19,2025-10-19,154,22,105649551.0,390110.0,4802252.32,17732.27,31225707.0,2025-05-26~2025-06-01,95,33.82,0.05,-0.253,-0.696,True,上映中,False,2025-05-19,2025-10-28 18:37:34
30739,不可能的任務：最終清算,1,2025-05-12,2025-10-19,161,23,453148690.0,1465118.0,19702116.96,63700.78,132919944.0,2025-05-19~2025-05-25,95,45.39,0.841,-0.155,-0.041,True,上映中,False,2025-05-12,2025-10-28 18:37:34
30809,名偵探柯南 獨眼的殘像,1,2025-06-23,2025-10-19,119,17,214807491.0,781295.0,12635734.76,45958.53,71677101.0,2025-06-23~2025-06-29,97,52.29,-0.206,-0.062,4.096,True,上映中,False,2025-06-23,2025-10-28 18:37:34
30863,我家妹妹不准嫁,1,2025-06-02,2025-07-20,49,7,1303617.0,5179.0,186231.0,739.86,616591.0,2025-06-02~2025-06-08,22,10.43,-0.42,-0.346,0.0,False,下檔,False,2025-06-02,2025-10-28 18:37:34
30863,我家妹妹不准嫁,2,2025-07-21,2025-08-17,28,4,0.0,0.0,0.0,0.0,0.0,2025-07-21~2025-07-27,0,0.0,,0.0,0.0,False,下檔,True,2025-06-02,2025-10-28 18:37:34
30863,我家妹妹不准嫁,3,2025-08-18,2025-09-14,28,4,0.0,0.0,0.0,0.0,0.0,2025-08-18~2025-08-24,0,0.0,,0.0,0.0,False,下檔,True,2025-06-02,2025-10-28 18:37:34
30863,我家妹妹不准嫁,4,2025-09-15,2025-10-19,35,5,5853.0,19.0,1170.6,3.8,5853.0,2025-10-13~2025-10-19,1,0.2,,0.0,0.0,False,上映中,True,2025-06-02,2025-10-28 18:37:34
30864,世界就是這樣結束的,1,2025-10-06,2025-10-19,14,2,327073.0,1255.0,163536.5,627.5,187235.0,2025-10-13~2025-10-19,16,15.0,0.339,0.169,0.339,False,上映中,False,2025-10-06,2025-10-28 18:37:34
30940,捍衛任務：復仇芭蕾,1,2025-06-02,2025-08-24,84,12,77243356.0,288907.0,6436946.33,24075.58,26492201.0,2025-06-09~2025-06-15,88,48.17,0.172,-0.391,-0.617,True,上映中,False,2025-06-02,2025-10-28 18:37:34
31027,F1電影,1,2025-06-23,2025-10-19,119,17,569846168.0,1752323.0,33520362.82,103077.82,96016586.0,2025-06-30~2025-07-06,95,78.94,0.286,-0.227,-0.508,True,上映中,False,2025-06-23,2025-10-28 18:37:34
31037,暗影部隊,1,2025-09-29,2025-10-19,21,3,1261752.0,5203.0,420584.0,1734.33,700050.0,2025-09-29~2025-10-05,62,50.33,-0.25,-0.393,-0.93,False,上映中,False,2025-09-29,2025-10-28 18:37:34
31082,地球特派員,1,2025-06-30,2025-10-19,112,16,36538822.0,141041.0,2283676.38,8815.06,12229929.0,2025-07-14~2025-07-20,91,35.25,200.022,12.325,-0.793,True,上映中,False,2025-06-30,2025-10-28 18:37:34
31123,侏羅紀世界：重生,1,2025-06-30,2025-10-19,112,16,299065373.0,1055129.0,18691585.81,65945.56,109792561.0,2025-06-30~2025-07-06,94,52.81,-0.242,-0.251,-0.211,True,上映中,False,2025-06-30,2025-10-28 18:37:34
31159,皇家保姆亞瑟,1,2025-09-29,2025-10-19,21,3,157905.0,614.0,52635.0,204.67,83803.0,2025-09-29~2025-10-05,18,14.0,-0.21,-0.364,-0.881,False,上映中,False,2025-09-29,2025-10-28 18:37:34
31186,超人,1,2025-07-07,2025-10-19,105,15,87877770.0,299555.0,5858518.0,19970.33,39777558.0,2025-07-07~2025-07-13,95,38.93,-0.3,-0.457,-0.67,True,上映中,False,2025-07-07,2025-10-28 18:37:34
31190,電影哆啦A夢：大雄的繪畫世界物語,1,2025-07-14,2025-10-19,98,14,58163722.0,225683.0,4154551.57,16120.21,13994814.0,2025-07-21~2025-07-27,86,48.5,0.088,-0.298,-0.754,True,上映中,False,2025-07-14,2025-10-28 18:37:34
31201,壞蛋聯盟 2,1,2025-07-21,2025-10-19,91,13,17406167.0,67668.0,1338935.92,5205.23,5426184.0,2025-08-04~2025-08-10,91,32.92,101.626,7.695,0.0,True,上映中,False,2025-07-21,2025-10-28 18:37:34
31251,藍色小精靈大電影,1,2025-07-14,2025-09-28,77,11,4127052.0,16157.0,375186.55,1468.82,1578156.0,2025-07-14~2025-07-20,82,26.45,-0.094,-0.271,0.0,True,下檔,False,2025-07-14,2025-10-28 18:37:34
31251,藍色小精靈大電影,2,2025-09-29,2025-10-19,21,3,17250.0,230.0,5750.0,76.67,11250.0,2025-10-06~2025-10-12,1,0.67,,-0.156,-0.467,False,上映中,True,2025-07-14,2025-10-28 18:37:34
31301,我在荒野做了一場夢,1,2025-08-18,2025-10-19,63,9,3336263.0,13744.0,370695.89,1527.11,611002.0,2025-08-25~2025-08-31,23,13.78,0.103,-0.166,-0.23,False,上映中,False,2025-08-18,2025-10-28 18:37:34
31305,世紀編舞大師,1,2025-09-01,2025-10-19,49,7,244826.0,1169.0,34975.14,167.0,107319.0,2025-09-08~2025-09-14,12,5.14,0.779,-0.206,-0.735,False,上映中,False,2025-09-01,2025-10-28 18:37:34
31329,全知讀者視角,1,2025-07-21,2025-10-19,91,13,78326252.0,284781.0,6025096.31,21906.23,30799172.0,2025-07-21~2025-07-27,96,44.31,-0.232,-0.476,0.0,True,上映中,False,2025-07-21,2025-10-28 18:37:34
31352,驚奇4超人：第一步,1,2025-07-21,2025-10-19,91,13,70704446.0,238699.0,5438803.54,18361.46,37314335.0,2025-07-21~2025-07-27,93,38.85,-0.454,9.031,0.0,True,上映中,False,2025-07-21,2025-10-28 18:37:34
31355,電影蠟筆小新：超華麗！灼熱的春日部舞者們,1,2025-08-18,2025-10-19,63,9,50212107.0,189907.0,5579123.0,21100.78,21110142.0,2025-08-25~2025-08-31,86,66.44,0.333,-0.316,-0.643,False,上映中,False,2025-08-18,2025-10-28 18:37:34
31364,凶器,1,2025-08-04,2025-10-19,77,11,25156397.0,90478.0,2286945.18,8225.27,10192343.0,2025-08-11~2025-08-17,82,35.64,22.884,1.658,-0.47,True,上映中,False,2025-08-04,2025-10-28 18:37:34
31365,劇場版「鬼滅之刃」無限城篇 第一章 猗窩座再襲,1,2025-08-04,2025-10-19,77,11,819040942.0,2554263.0,74458267.45,232205.73,233117423.0,2025-08-11~2025-08-17,98,95.45,0.32,-0.235,-0.355,True,上映中,False,2025-08-04,2025-10-28 18:37:34
31402,天作之合,1,2025-08-18,2025-10-19,63,9,12709393.0,45984.0,1412154.78,5109.33,4523100.0,2025-09-01~2025-09-07,88,42.89,54.545,5.704,-0.733,False,上映中,False,2025-08-18,2025-10-28 18:37:34
31474,角頭－鬥陣欸,1,2025-08-04,2025-10-19,77,11,188358298.0,687579.0,17123481.64,62507.18,77145573.0,2025-08-18~2025-08-24,96,63.36,-1.0,-0.463,-0.701,True,上映中,False,2025-08-04,2025-10-28 18:37:34
31502,怪奇寶貝,1,2025-09-01,2025-10-19,49,7,695393.0,2771.0,99341.86,395.86,396312.0,2025-09-01~2025-09-07,64,22.29,-0.357,-0.55,0.0,False,上映中,False,2025-09-01,2025-10-28 18:37:34
31507,一兆$遊戲　劇場版,1,2025-08-11,2025-10-19,70,10,1577488.0,6233.0,157748.8,623.3,718276.0,2025-08-11~2025-08-17,24,9.0,-0.246,-0.44,0.0,False,上映中,False,2025-08-11,2025-10-28 18:37:34
31520,龍之心-靈界探訪記-,1,2025-08-25,2025-10-19,56,8,4799956.0,21162.0,599994.5,2645.25,1463221.0,2025-09-15~2025-09-21,25,15.25,5.13,1.411,-0.698,False,上映中,False,2025-08-25,2025-10-28 18:37:34
31523,樂來越愛你,1,2025-09-08,2025-10-19,42,6,4768007.0,13501.0,794667.83,2250.17,2172733.0,2025-09-08~2025-09-14,28,16.17,-0.138,-0.483,-0.672,False,上映中,False,2025-09-08,2025-10-28 18:37:34
31531,詭鄉,1,2025-09-01,2025-10-19,49,7,3196918.0,12070.0,456702.57,1724.29,1300019.0,2025-09-15~2025-09-21,60,28.57,-0.199,0.715,0.102,False,上映中,False,2025-09-01,2025-10-28 18:37:34
31541,熱烈,1,2025-09-08,2025-10-19,42,6,2197375.0,8573.0,366229.17,1428.83,764525.0,2025-09-22~2025-09-28,7,5.5,-0.834,2.236,-0.635,False,上映中,False,2025-09-08,2025-10-28 18:37:34
31570,無名指,1,2025-08-25,2025-10-19,56,8,1057897.0,4452.0,132237.12,556.5,420162.0,2025-09-15~2025-09-21,60,19.38,-0.122,1.357,0.0,False,上映中,False,2025-08-25,2025-10-28 18:37:34
31596,厲陰宅：最終聖事,1,2025-09-01,2025-10-19,49,7,61261531.0,208353.0,8751647.29,29764.71,21578472.0,2025-09-01~2025-09-07,92,78.0,-0.052,-0.394,-0.737,False,上映中,False,2025-09-01,2025-10-28 18:37:34
31650,親愛的家人,1,2025-09-01,2025-10-19,49,7,249194.0,1074.0,35599.14,153.43,130522.0,2025-09-01~2025-09-07,49,15.0,-0.3,-0.326,0.0,False,上映中,False,2025-09-01,2025-10-28 18:37:34
31651,永遠在一起,1,2025-09-22,2025-10-19,28,4,2381775.0,9109.0,595443.75,2277.25,994676.0,2025-09-29~2025-10-05,61,45.0,0.002,-0.374,-0.839,False,上映中,False,2025-09-22,2025-10-28 18:37:34
31654,電影版小林家的龍女僕：害怕寂寞的龍,1,2025-09-08,2025-10-19,42,6,7352865.0,26513.0,1225477.5,4418.83,2985943.0,2025-09-08~2025-09-14,67,44.5,-0.27,-0.42,-0.76,False,上映中,False,2025-09-08,2025-10-28 18:37:34
31662,淒厲人師,1,2025-09-22,2025-10-19,28,4,181629.0,737.0,45407.25,184.25,99931.0,2025-09-22~2025-09-28,17,9.25,-0.224,-0.431,-0.535,False,上映中,False,2025-09-22,2025-10-28 18:37:34
31668,突破_三千米的泳氣,1,2025-08-25,2025-10-19,56,8,7766238.0,32425.0,970779.75,4053.12,2325489.0,2025-09-29~2025-10-05,58,27.5,0.029,0.318,-0.487,False,上映中,False,2025-08-25,2025-10-28 18:37:34
31679,凌晨兩點的惡魔,1,2025-08-25,2025-10-19,56,8,2724875.0,10511.0,340609.38,1313.88,1326395.0,2025-08-25~2025-08-31,73,25.88,-0.231,-0.438,0.0,False,上映中,False,2025-08-25,2025-10-28 18:37:34
31685,劇場版 咒術迴戰 懷玉・玉折,1,2025-09-01,2025-10-19,49,7,30078093.0,103560.0,4296870.43,14794.29,9464676.0,2025-09-08~2025-09-14,86,70.43,0.128,-0.344,-0.719,False,上映中,False,2025-09-01,2025-10-28 18:37:34
31701,麵包超人電影版：小水滴的英雄！,1,2025-09-01,2025-10-19,49,7,1307950.0,4980.0,186850.0,711.43,623427.0,2025-09-08~2025-09-14,33,17.29,19.864,2.451,-0.829,False,上映中,False,2025-09-01,2025-10-28 18:37:34
31702,光,1,2025-09-29,2025-10-19,21,3,136867.0,582.0,45622.33,194.0,59615.0,2025-10-06~2025-10-12,13,10.67,0.052,-0.201,-0.655,False,上映中,False,2025-09-29,2025-10-28 18:37:34
31704,陌路兄弟,1,2025-09-22,2025-10-19,28,4,225021.0,1036.0,56255.25,259.0,126241.0,2025-09-22~2025-09-28,12,9.0,-0.587,-0.423,-0.979,False,上映中,False,2025-09-22,2025-10-28 18:37:34
31712,劇場版 歌之☆王子殿下♪ TABOO NIGHT XXXX with Double Encore (QUARTET NIGHT version),1,2025-09-01,2025-10-19,49,7,1986936.0,7429.0,283848.0,1061.29,708575.0,2025-09-15~2025-09-21,16,10.0,965.537,137.664,-0.425,False,上映中,False,2025-09-01,2025-10-28 18:37:34
31713,捏造：史上最惡殺人教師,1,2025-09-15,2025-10-19,35,5,686999.0,2761.0,137399.8,552.2,324408.0,2025-09-15~2025-09-21,28,16.2,-0.256,-0.511,-0.936,False,上映中,False,2025-09-15,2025-10-28 18:37:34
31714,鋼琴之子,1,2025-09-15,2025-10-19,35,5,167520.0,782.0,33504.0,156.4,80635.0,2025-09-22~2025-09-28,15,7.6,0.342,-0.325,-0.548,False,上映中,False,2025-09-15,2025-10-28 18:37:34
31715,致我所愛之人,1,2025-09-01,2025-10-19,49,7,181974.0,798.0,25996.29,114.0,51634.0,2025-09-01~2025-09-07,9,3.57,-0.111,-0.243,-0.425,False,上映中,False,2025-09-01,2025-10-28 18:37:34
31745,血怨,1,2025-09-22,2025-10-19,28,4,1204260.0,4496.0,301065.0,1124.0,557642.0,2025-09-22~2025-09-28,51,31.5,-0.036,-0.44,-0.91,False,上映中,False,2025-09-22,2025-10-28 18:37:34
31746,希瑪之歌,1,2025-10-13,2025-10-19,7,1,16680.0,86.0,16680.0,86.0,16680.0,2025-10-13~2025-10-19,1,1.0,,,,False,上映中,False,2025-10-13,2025-10-28 18:37:34
31748,卡夫卡最後的愛,1,2025-09-22,2025-10-19,28,4,165616.0,786.0,41404.0,196.5,95983.0,2025-10-06~2025-10-12,14,7.25,-1.0,-0.332,-0.326,False,上映中,False,2025-09-22,2025-10-28 18:37:34
31767,醜得要命,1,2025-09-15,2025-10-19,35,5,533911.0,2149.0,106782.2,429.8,213938.0,2025-09-22~2025-09-28,23,12.4,1.252,-0.116,-0.891,False,上映中,False,2025-09-15,2025-10-28 18:37:34
31769,大競走,1,2025-09-08,2025-10-19,42,6,5034777.0,20336.0,839129.5,3389.33,2017935.0,2025-09-08~2025-09-14,81,42.67,-0.058,-0.46,-0.963,False,上映中,False,2025-09-08,2025-10-28 18:37:34
31776,搗破法蘭克,1,2025-09-29,2025-10-19,21,3,41844.0,182.0,13948.0,60.67,23489.0,2025-09-29~2025-10-05,22,15.0,-0.219,-0.406,-1.0,False,下檔,False,2025-09-29,2025-10-28 18:37:34
31777,奇幻導航,1,2025-09-29,2025-10-19,21,3,1711498.0,6653.0,570499.33,2217.67,1002765.0,2025-10-06~2025-10-12,76,51.0,17.57,5.741,-0.347,False,上映中,False,2025-09-29,2025-10-28 18:37:34
31794,劇場版『鏈鋸人 蕾潔篇』,1,2025-09-15,2025-10-19,35,5,159737816.0,517329.0,31947563.2,103465.8,49455153.0,2025-09-22~2025-09-28,94,75.2,360.382,71.95,-0.428,False,上映中,False,2025-09-15,2025-10-28 18:37:34
31796,傲嬌公主的奇幻冒險,1,2025-09-15,2025-10-19,35,5,784749.0,3202.0,156949.8,640.4,375702.0,2025-09-22~2025-09-28,35,19.8,18.052,3.253,-0.827,False,上映中,False,2025-09-15,2025-10-28 18:37:34
31797,一戰再戰,1,2025-09-22,2025-10-19,28,4,26249148.0,85977.0,6562287.0,21494.25,9353106.0,2025-09-22~2025-09-28,83,81.25,-0.012,-0.263,-0.656,False,上映中,False,2025-09-22,2025-10-28 18:37:34
31799,電影版 神奇柑仔店 錢天堂,1,2025-09-22,2025-10-19,28,4,3305220.0,12722.0,826305.0,3180.5,1381388.0,2025-09-22~2025-09-28,67,52.5,-0.025,-0.373,-0.836,False,上映中,False,2025-09-22,2025-10-28 18:37:34
31801,鬼祭,1,2025-09-15,2025-10-19,35,5,930378.0,3542.0,186075.6,708.4,519717.0,2025-09-15~2025-09-21,35,18.2,-0.348,-0.563,-0.744,False,上映中,False,2025-09-15,2025-10-28 18:37:34
31807,泥娃娃,1,2025-09-22,2025-10-19,28,4,53118836.0,194681.0,13279709.0,48670.25,29107538.0,2025-10-13~2025-10-19,91,46.5,5.432,17.048,0.234,False,上映中,False,2025-09-22,2025-10-28 18:37:34
31808,夢想巨無霸,1,2025-09-29,2025-10-19,21,3,2092230.0,8323.0,697410.0,2774.33,1011496.0,2025-10-06~2025-10-12,42,40.33,0.397,-0.084,-0.647,False,上映中,False,2025-09-29,2025-10-28 18:37:34
31809,疾速營救,1,2025-09-22,2025-10-19,28,4,1199173.0,4944.0,299793.25,1236.0,590340.0,2025-09-22~2025-09-28,48,33.25,-0.093,-0.478,-0.949,False,上映中,False,2025-09-22,2025-10-28 18:37:34
31835,沒好婚姻,1,2025-09-22,2025-10-19,28,4,2869204.0,10633.0,717301.0,2658.25,1215205.0,2025-09-29~2025-10-05,40,34.0,0.315,-0.235,-0.724,False,上映中,False,2025-09-22,2025-10-28 18:37:34
31836,8號出口,1,2025-09-15,2025-10-19,35,5,11156630.0,38435.0,2231326.0,7687.0,3919140.0,2025-09-15~2025-09-21,57,46.6,-0.085,-0.33,-0.654,False,上映中,False,2025-09-15,2025-10-28 18:37:34
31842,蓋比的娃娃屋大電影,1,2025-09-29,2025-10-19,21,3,2276409.0,8484.0,758803.0,2828.0,1228374.0,2025-10-06~2025-10-12,75,73.33,0.54,-0.085,-0.796,False,上映中,False,2025-09-29,2025-10-28 18:37:34
31863,他年她日,1,2025-09-29,2025-10-19,21,3,10005414.0,36960.0,3335138.0,12320.0,5279145.0,2025-09-29~2025-10-05,98,97.67,-0.297,-0.341,-0.726,False,上映中,False,2025-09-29,2025-10-28 18:37:34
31900,一百公尺。,1,2025-09-29,2025-10-19,21,3,8572089.0,29833.0,2857363.0,9944.33,3672540.0,2025-10-06~2025-10-12,69,67.33,0.785,0.186,-0.226,False,上映中,False,2025-09-29,2025-10-28 18:37:34
31904,陰陽眼見子,1,2025-09-29,2025-10-19,21,3,288479.0,1148.0,96159.67,382.67,168618.0,2025-09-29~2025-10-05,20,16.33,-0.37,-0.414,-0.871,False,上映中,False,2025-09-29,2025-10-28 18:37:34
32087,碰碰狐和貝貝彬歡唱電影：奇幻世界大冒險(國語版),1,2025-09-29,2025-10-19,21,3,6556469.0,24224.0,2185489.67,8074.67,4036149.0,2025-10-06~2025-10-12,48,31.0,45.577,15.06,-0.397,False,上映中,False,2025-09-29,2025-10-28 18:37:34
32098,藤本樹17-26：PART 1,1,2025-10-13,2025-10-19,7,1,1785096.0,6188.0,1785096.0,6188.0,1785096.0,2025-10-13~2025-10-19,20,20.0,,,,False,上映中,False,2025-10-13,2025-10-28 18:37:34
32099,創：戰神,1,2025-10-06,2025-10-19,14,2,30203143.0,93046.0,15101571.5,46523.0,19442221.0,2025-10-06~2025-10-12,94,93.5,-0.447,-0.223,-0.447,False,上映中,False,2025-10-06,2025-10-28 18:37:34
32103,狼來了,1,2025-10-06,2025-10-19,14,2,456905.0,1879.0,228452.5,939.5,306617.0,2025-10-06~2025-10-12,62,62.0,-0.51,-0.255,-0.51,False,上映中,False,2025-10-06,2025-10-28 18:37:34
32111,徵人啟弒,1,2025-10-06,2025-10-19,14,2,5265665.0,20257.0,2632832.5,10128.5,3200102.0,2025-10-06~2025-10-12,72,71.0,-0.355,-0.177,-0.355,False,上映中,False,2025-10-06,2025-10-28 18:37:34
32112,風林火山,1,2025-10-06,2025-10-19,14,2,9113332.0,34783.0,4556666.0,17391.5,5558047.0,2025-10-06~2025-10-12,83,82.5,-0.36,-0.18,-0.36,False,上映中,False,2025-10-06,2025-10-28 18:37:34
32114,藤本樹17-26：PART 2,1,2025-10-13,2025-10-19,7,1,1443591.0,4895.0,1443591.0,4895.0,1443591.0,2025-10-13~2025-10-19,20,20.0,,,,False,上映中,False,2025-10-13,2025-10-28 18:37:34
32116,銀魂劇場版 2D 真選組動亂篇,1,2025-10-06,2025-10-19,14,2,1470185.0,4783.0,735092.5,2391.5,1009490.0,2025-10-06~2025-10-12,10,10.0,-0.544,-0.272,-0.544,False,上映中,False,2025-10-06,2025-10-28 18:37:34
